group,function,value,throughput_num,throughput_type,sample_measured_value,unit,iteration_count
compression_ratio,zip,,100000,elements,74439736.0,ns,1
compression_ratio,zip,,100000,elements,45257525.0,ns,1
compression_ratio,zip,,100000,elements,54334839.0,ns,1
compression_ratio,zip,,100000,elements,68760961.0,ns,1
compression_ratio,zip,,100000,elements,47502825.0,ns,1
compression_ratio,zip,,100000,elements,51661713.0,ns,1
compression_ratio,zip,,100000,elements,74848756.0,ns,1
compression_ratio,zip,,100000,elements,45360412.0,ns,1
compression_ratio,zip,,100000,elements,50881567.0,ns,1
compression_ratio,zip,,100000,elements,76257200.0,ns,1
compression_ratio,zip,,100000,elements,45770453.0,ns,1
compression_ratio,zip,,100000,elements,51357914.0,ns,1
compression_ratio,zip,,100000,elements,76983235.0,ns,1
compression_ratio,zip,,100000,elements,51487061.0,ns,1
compression_ratio,zip,,100000,elements,78081398.0,ns,1
compression_ratio,zip,,100000,elements,46062610.0,ns,1
compression_ratio,zip,,100000,elements,52143672.0,ns,1
compression_ratio,zip,,100000,elements,75309604.0,ns,1
compression_ratio,zip,,100000,elements,49770108.0,ns,1
compression_ratio,zip,,100000,elements,60109794.0,ns,1
compression_ratio,zip,,100000,elements,80943464.0,ns,1
compression_ratio,zip,,100000,elements,47100870.0,ns,1
compression_ratio,zip,,100000,elements,52024175.0,ns,1
compression_ratio,zip,,100000,elements,74753424.0,ns,1
compression_ratio,zip,,100000,elements,51993596.0,ns,1
compression_ratio,zip,,100000,elements,76038244.0,ns,1
compression_ratio,zip,,100000,elements,48086949.0,ns,1
compression_ratio,zip,,100000,elements,52168976.0,ns,1
compression_ratio,zip,,100000,elements,76969439.0,ns,1
compression_ratio,zip,,100000,elements,47719158.0,ns,1
compression_ratio,zip,,100000,elements,51910358.0,ns,1
compression_ratio,zip,,100000,elements,77127990.0,ns,1
compression_ratio,zip,,100000,elements,50566336.0,ns,1
compression_ratio,zip,,100000,elements,76673374.0,ns,1
compression_ratio,zip,,100000,elements,44925833.0,ns,1
compression_ratio,zip,,100000,elements,51105473.0,ns,1
compression_ratio,zip,,100000,elements,77032519.0,ns,1
compression_ratio,zip,,100000,elements,45300783.0,ns,1
compression_ratio,zip,,100000,elements,52237822.0,ns,1
compression_ratio,zip,,100000,elements,75160299.0,ns,1
compression_ratio,zip,,100000,elements,51016404.0,ns,1
compression_ratio,zip,,100000,elements,76759869.0,ns,1
compression_ratio,zip,,100000,elements,44955239.0,ns,1
compression_ratio,zip,,100000,elements,51087910.0,ns,1
compression_ratio,zip,,100000,elements,77381965.0,ns,1
compression_ratio,zip,,100000,elements,50261434.0,ns,1
compression_ratio,zip,,100000,elements,69563911.0,ns,1
compression_ratio,zip,,100000,elements,53172975.0,ns,1
compression_ratio,zip,,100000,elements,74716293.0,ns,1
compression_ratio,zip,,100000,elements,49864588.0,ns,1
compression_ratio,zip,,100000,elements,74836632.0,ns,1
compression_ratio,zip,,100000,elements,51482573.0,ns,1
compression_ratio,zip,,100000,elements,75120925.0,ns,1
compression_ratio,zip,,100000,elements,51917121.0,ns,1
compression_ratio,zip,,100000,elements,76907210.0,ns,1
compression_ratio,zip,,100000,elements,45514856.0,ns,1
compression_ratio,zip,,100000,elements,51008048.0,ns,1
compression_ratio,zip,,100000,elements,76073250.0,ns,1
compression_ratio,zip,,100000,elements,49883555.0,ns,1
compression_ratio,zip,,100000,elements,65221865.0,ns,1
compression_ratio,zip,,100000,elements,48807032.0,ns,1
compression_ratio,zip,,100000,elements,65364656.0,ns,1
compression_ratio,zip,,100000,elements,45510477.0,ns,1
compression_ratio,zip,,100000,elements,45313853.0,ns,1
compression_ratio,zip,,100000,elements,45454461.0,ns,1
compression_ratio,zip,,100000,elements,45939936.0,ns,1
compression_ratio,zip,,100000,elements,45981786.0,ns,1
compression_ratio,zip,,100000,elements,54285817.0,ns,1
compression_ratio,zip,,100000,elements,76245428.0,ns,1
compression_ratio,zip,,100000,elements,45990824.0,ns,1
compression_ratio,zip,,100000,elements,46389162.0,ns,1
compression_ratio,zip,,100000,elements,50977210.0,ns,1
compression_ratio,zip,,100000,elements,68112574.0,ns,1
compression_ratio,zip,,100000,elements,53222339.0,ns,1
compression_ratio,zip,,100000,elements,74646882.0,ns,1
compression_ratio,zip,,100000,elements,49600574.0,ns,1
compression_ratio,zip,,100000,elements,65685669.0,ns,1
compression_ratio,zip,,100000,elements,51092428.0,ns,1
compression_ratio,zip,,100000,elements,76815265.0,ns,1
compression_ratio,zip,,100000,elements,45190318.0,ns,1
compression_ratio,zip,,100000,elements,51916560.0,ns,1
compression_ratio,zip,,100000,elements,75086068.0,ns,1
compression_ratio,zip,,100000,elements,45178425.0,ns,1
compression_ratio,zip,,100000,elements,50218934.0,ns,1
compression_ratio,zip,,100000,elements,74210169.0,ns,1
compression_ratio,zip,,100000,elements,46050287.0,ns,1
compression_ratio,zip,,100000,elements,49181606.0,ns,1
compression_ratio,zip,,100000,elements,67708915.0,ns,1
compression_ratio,zip,,100000,elements,52253122.0,ns,1
compression_ratio,zip,,100000,elements,78572966.0,ns,1
compression_ratio,zip,,100000,elements,47477582.0,ns,1
compression_ratio,zip,,100000,elements,46317536.0,ns,1
compression_ratio,zip,,100000,elements,46542786.0,ns,1
compression_ratio,zip,,100000,elements,51216725.0,ns,1
compression_ratio,zip,,100000,elements,75362486.0,ns,1
compression_ratio,zip,,100000,elements,51055409.0,ns,1
compression_ratio,zip,,100000,elements,73828441.0,ns,1
compression_ratio,zip,,100000,elements,45787676.0,ns,1
compression_ratio,zip,,100000,elements,51949904.0,ns,1
compression_ratio,zip,,100000,elements,76846164.0,ns,1
compression_ratio,async_zip,,100000,elements,58708459.0,ns,1
compression_ratio,async_zip,,100000,elements,57751415.0,ns,1
compression_ratio,async_zip,,100000,elements,58015388.0,ns,1
compression_ratio,async_zip,,100000,elements,57816279.0,ns,1
compression_ratio,async_zip,,100000,elements,59475592.0,ns,1
compression_ratio,async_zip,,100000,elements,57897323.0,ns,1
compression_ratio,async_zip,,100000,elements,59176182.0,ns,1
compression_ratio,async_zip,,100000,elements,59148619.0,ns,1
compression_ratio,async_zip,,100000,elements,57995540.0,ns,1
compression_ratio,async_zip,,100000,elements,59031986.0,ns,1
compression_ratio,async_zip,,100000,elements,59645967.0,ns,1
compression_ratio,async_zip,,100000,elements,58738156.0,ns,1
compression_ratio,async_zip,,100000,elements,58391765.0,ns,1
compression_ratio,async_zip,,100000,elements,58480845.0,ns,1
compression_ratio,async_zip,,100000,elements,59458109.0,ns,1
compression_ratio,async_zip,,100000,elements,62303153.0,ns,1
compression_ratio,async_zip,,100000,elements,60282581.0,ns,1
compression_ratio,async_zip,,100000,elements,61073679.0,ns,1
compression_ratio,async_zip,,100000,elements,59028330.0,ns,1
compression_ratio,async_zip,,100000,elements,58031329.0,ns,1
compression_ratio,async_zip,,100000,elements,58677951.0,ns,1
compression_ratio,async_zip,,100000,elements,58389452.0,ns,1
compression_ratio,async_zip,,100000,elements,56884623.0,ns,1
compression_ratio,async_zip,,100000,elements,57508311.0,ns,1
compression_ratio,async_zip,,100000,elements,57935977.0,ns,1
compression_ratio,async_zip,,100000,elements,57511498.0,ns,1
compression_ratio,async_zip,,100000,elements,56019444.0,ns,1
compression_ratio,async_zip,,100000,elements,57778246.0,ns,1
compression_ratio,async_zip,,100000,elements,58727226.0,ns,1
compression_ratio,async_zip,,100000,elements,57161370.0,ns,1
compression_ratio,async_zip,,100000,elements,59014923.0,ns,1
compression_ratio,async_zip,,100000,elements,57562445.0,ns,1
compression_ratio,async_zip,,100000,elements,59923987.0,ns,1
compression_ratio,async_zip,,100000,elements,57136062.0,ns,1
compression_ratio,async_zip,,100000,elements,58156377.0,ns,1
compression_ratio,async_zip,,100000,elements,57560952.0,ns,1
compression_ratio,async_zip,,100000,elements,58163992.0,ns,1
compression_ratio,async_zip,,100000,elements,57751065.0,ns,1
compression_ratio,async_zip,,100000,elements,57445773.0,ns,1
compression_ratio,async_zip,,100000,elements,56620700.0,ns,1
compression_ratio,async_zip,,100000,elements,56696264.0,ns,1
compression_ratio,async_zip,,100000,elements,57423610.0,ns,1
compression_ratio,async_zip,,100000,elements,56429145.0,ns,1
compression_ratio,async_zip,,100000,elements,57446033.0,ns,1
compression_ratio,async_zip,,100000,elements,56215467.0,ns,1
compression_ratio,async_zip,,100000,elements,58563733.0,ns,1
compression_ratio,async_zip,,100000,elements,57500777.0,ns,1
compression_ratio,async_zip,,100000,elements,58131740.0,ns,1
compression_ratio,async_zip,,100000,elements,57113709.0,ns,1
compression_ratio,async_zip,,100000,elements,61347761.0,ns,1
compression_ratio,async_zip,,100000,elements,59181672.0,ns,1
compression_ratio,async_zip,,100000,elements,57733211.0,ns,1
compression_ratio,async_zip,,100000,elements,56836070.0,ns,1
compression_ratio,async_zip,,100000,elements,57706550.0,ns,1
compression_ratio,async_zip,,100000,elements,57213199.0,ns,1
compression_ratio,async_zip,,100000,elements,57802883.0,ns,1
compression_ratio,async_zip,,100000,elements,56967971.0,ns,1
compression_ratio,async_zip,,100000,elements,57094924.0,ns,1
compression_ratio,async_zip,,100000,elements,57511107.0,ns,1
compression_ratio,async_zip,,100000,elements,56628184.0,ns,1
compression_ratio,async_zip,,100000,elements,57465972.0,ns,1
compression_ratio,async_zip,,100000,elements,58111873.0,ns,1
compression_ratio,async_zip,,100000,elements,57349940.0,ns,1
compression_ratio,async_zip,,100000,elements,58134315.0,ns,1
compression_ratio,async_zip,,100000,elements,59476965.0,ns,1
compression_ratio,async_zip,,100000,elements,58396294.0,ns,1
compression_ratio,async_zip,,100000,elements,57555923.0,ns,1
compression_ratio,async_zip,,100000,elements,59611447.0,ns,1
compression_ratio,async_zip,,100000,elements,59094165.0,ns,1
compression_ratio,async_zip,,100000,elements,58019517.0,ns,1
compression_ratio,async_zip,,100000,elements,58830733.0,ns,1
compression_ratio,async_zip,,100000,elements,56809320.0,ns,1
compression_ratio,async_zip,,100000,elements,57697593.0,ns,1
compression_ratio,async_zip,,100000,elements,57187060.0,ns,1
compression_ratio,async_zip,,100000,elements,57544982.0,ns,1
compression_ratio,async_zip,,100000,elements,56634596.0,ns,1
compression_ratio,async_zip,,100000,elements,58457436.0,ns,1
compression_ratio,async_zip,,100000,elements,57469037.0,ns,1
compression_ratio,async_zip,,100000,elements,59250423.0,ns,1
compression_ratio,async_zip,,100000,elements,58845872.0,ns,1
compression_ratio,async_zip,,100000,elements,58233255.0,ns,1
compression_ratio,async_zip,,100000,elements,57246803.0,ns,1
compression_ratio,async_zip,,100000,elements,59065882.0,ns,1
compression_ratio,async_zip,,100000,elements,60536865.0,ns,1
compression_ratio,async_zip,,100000,elements,60736216.0,ns,1
compression_ratio,async_zip,,100000,elements,57098010.0,ns,1
compression_ratio,async_zip,,100000,elements,58277107.0,ns,1
compression_ratio,async_zip,,100000,elements,58735622.0,ns,1
compression_ratio,async_zip,,100000,elements,59135745.0,ns,1
compression_ratio,async_zip,,100000,elements,57966446.0,ns,1
compression_ratio,async_zip,,100000,elements,56499529.0,ns,1
compression_ratio,async_zip,,100000,elements,56654554.0,ns,1
compression_ratio,async_zip,,100000,elements,58389822.0,ns,1
compression_ratio,async_zip,,100000,elements,58434779.0,ns,1
compression_ratio,async_zip,,100000,elements,56706394.0,ns,1
compression_ratio,async_zip,,100000,elements,58507346.0,ns,1
compression_ratio,async_zip,,100000,elements,57006054.0,ns,1
compression_ratio,async_zip,,100000,elements,58839701.0,ns,1
compression_ratio,async_zip,,100000,elements,57030642.0,ns,1
compression_ratio,async_zip,,100000,elements,56599560.0,ns,1
compression_ratio,rc_zip,,100000,elements,92990521.0,ns,2
compression_ratio,rc_zip,,100000,elements,93676710.0,ns,2
compression_ratio,rc_zip,,100000,elements,92344730.0,ns,2
compression_ratio,rc_zip,,100000,elements,97406380.0,ns,2
compression_ratio,rc_zip,,100000,elements,92996443.0,ns,2
compression_ratio,rc_zip,,100000,elements,94148680.0,ns,2
compression_ratio,rc_zip,,100000,elements,92350251.0,ns,2
compression_ratio,rc_zip,,100000,elements,92880422.0,ns,2
compression_ratio,rc_zip,,100000,elements,95417027.0,ns,2
compression_ratio,rc_zip,,100000,elements,97597093.0,ns,2
compression_ratio,rc_zip,,100000,elements,94114895.0,ns,2
compression_ratio,rc_zip,,100000,elements,92351724.0,ns,2
compression_ratio,rc_zip,,100000,elements,91997528.0,ns,2
compression_ratio,rc_zip,,100000,elements,95693985.0,ns,2
compression_ratio,rc_zip,,100000,elements,94191912.0,ns,2
compression_ratio,rc_zip,,100000,elements,96638285.0,ns,2
compression_ratio,rc_zip,,100000,elements,100286350.0,ns,2
compression_ratio,rc_zip,,100000,elements,101561932.0,ns,2
compression_ratio,rc_zip,,100000,elements,98891461.0,ns,2
compression_ratio,rc_zip,,100000,elements,104208917.0,ns,2
compression_ratio,rc_zip,,100000,elements,103630524.0,ns,2
compression_ratio,rc_zip,,100000,elements,97300167.0,ns,2
compression_ratio,rc_zip,,100000,elements,96741723.0,ns,2
compression_ratio,rc_zip,,100000,elements,95806039.0,ns,2
compression_ratio,rc_zip,,100000,elements,98364186.0,ns,2
compression_ratio,rc_zip,,100000,elements,99878823.0,ns,2
compression_ratio,rc_zip,,100000,elements,96056758.0,ns,2
compression_ratio,rc_zip,,100000,elements,92246895.0,ns,2
compression_ratio,rc_zip,,100000,elements,93187187.0,ns,2
compression_ratio,rc_zip,,100000,elements,94207738.0,ns,2
compression_ratio,rc_zip,,100000,elements,96680546.0,ns,2
compression_ratio,rc_zip,,100000,elements,95458026.0,ns,2
compression_ratio,rc_zip,,100000,elements,98565660.0,ns,2
compression_ratio,rc_zip,,100000,elements,92145571.0,ns,2
compression_ratio,rc_zip,,100000,elements,94894572.0,ns,2
compression_ratio,rc_zip,,100000,elements,99757512.0,ns,2
compression_ratio,rc_zip,,100000,elements,97321057.0,ns,2
compression_ratio,rc_zip,,100000,elements,92696371.0,ns,2
compression_ratio,rc_zip,,100000,elements,92744934.0,ns,2
compression_ratio,rc_zip,,100000,elements,96038186.0,ns,2
compression_ratio,rc_zip,,100000,elements,94844326.0,ns,2
compression_ratio,rc_zip,,100000,elements,93169202.0,ns,2
compression_ratio,rc_zip,,100000,elements,92499767.0,ns,2
compression_ratio,rc_zip,,100000,elements,91210518.0,ns,2
compression_ratio,rc_zip,,100000,elements,92952910.0,ns,2
compression_ratio,rc_zip,,100000,elements,91748324.0,ns,2
compression_ratio,rc_zip,,100000,elements,90428398.0,ns,2
compression_ratio,rc_zip,,100000,elements,90763267.0,ns,2
compression_ratio,rc_zip,,100000,elements,89825900.0,ns,2
compression_ratio,rc_zip,,100000,elements,92561775.0,ns,2
compression_ratio,rc_zip,,100000,elements,92387953.0,ns,2
compression_ratio,rc_zip,,100000,elements,91372648.0,ns,2
compression_ratio,rc_zip,,100000,elements,93371439.0,ns,2
compression_ratio,rc_zip,,100000,elements,92450133.0,ns,2
compression_ratio,rc_zip,,100000,elements,92675372.0,ns,2
compression_ratio,rc_zip,,100000,elements,92706280.0,ns,2
compression_ratio,rc_zip,,100000,elements,93016943.0,ns,2
compression_ratio,rc_zip,,100000,elements,92540154.0,ns,2
compression_ratio,rc_zip,,100000,elements,91264272.0,ns,2
compression_ratio,rc_zip,,100000,elements,92343448.0,ns,2
compression_ratio,rc_zip,,100000,elements,93061558.0,ns,2
compression_ratio,rc_zip,,100000,elements,94641760.0,ns,2
compression_ratio,rc_zip,,100000,elements,93986611.0,ns,2
compression_ratio,rc_zip,,100000,elements,100810289.0,ns,2
compression_ratio,rc_zip,,100000,elements,103929957.0,ns,2
compression_ratio,rc_zip,,100000,elements,99961311.0,ns,2
compression_ratio,rc_zip,,100000,elements,100376774.0,ns,2
compression_ratio,rc_zip,,100000,elements,96166036.0,ns,2
compression_ratio,rc_zip,,100000,elements,96909563.0,ns,2
compression_ratio,rc_zip,,100000,elements,94376895.0,ns,2
compression_ratio,rc_zip,,100000,elements,94947263.0,ns,2
compression_ratio,rc_zip,,100000,elements,91000719.0,ns,2
compression_ratio,rc_zip,,100000,elements,93900998.0,ns,2
compression_ratio,rc_zip,,100000,elements,93416645.0,ns,2
compression_ratio,rc_zip,,100000,elements,94818448.0,ns,2
compression_ratio,rc_zip,,100000,elements,95878187.0,ns,2
compression_ratio,rc_zip,,100000,elements,93271078.0,ns,2
compression_ratio,rc_zip,,100000,elements,94044081.0,ns,2
compression_ratio,rc_zip,,100000,elements,92062123.0,ns,2
compression_ratio,rc_zip,,100000,elements,92050991.0,ns,2
compression_ratio,rc_zip,,100000,elements,90968398.0,ns,2
compression_ratio,rc_zip,,100000,elements,92022017.0,ns,2
compression_ratio,rc_zip,,100000,elements,91484732.0,ns,2
compression_ratio,rc_zip,,100000,elements,91356167.0,ns,2
compression_ratio,rc_zip,,100000,elements,90654650.0,ns,2
compression_ratio,rc_zip,,100000,elements,92657552.0,ns,2
compression_ratio,rc_zip,,100000,elements,91995737.0,ns,2
compression_ratio,rc_zip,,100000,elements,94570861.0,ns,2
compression_ratio,rc_zip,,100000,elements,95465060.0,ns,2
compression_ratio,rc_zip,,100000,elements,93735222.0,ns,2
compression_ratio,rc_zip,,100000,elements,92845767.0,ns,2
compression_ratio,rc_zip,,100000,elements,90617158.0,ns,2
compression_ratio,rc_zip,,100000,elements,90403431.0,ns,2
compression_ratio,rc_zip,,100000,elements,91433895.0,ns,2
compression_ratio,rc_zip,,100000,elements,91688261.0,ns,2
compression_ratio,rc_zip,,100000,elements,90682783.0,ns,2
compression_ratio,rc_zip,,100000,elements,92417551.0,ns,2
compression_ratio,rc_zip,,100000,elements,91932696.0,ns,2
compression_ratio,rc_zip,,100000,elements,93170435.0,ns,2
compression_ratio,rc_zip,,100000,elements,91630661.0,ns,2
compression_ratio,rawzip_slice,,100000,elements,1138270.0,ns,5
compression_ratio,rawzip_slice,,100000,elements,2301998.0,ns,10
compression_ratio,rawzip_slice,,100000,elements,3469905.0,ns,15
compression_ratio,rawzip_slice,,100000,elements,4451435.0,ns,20
compression_ratio,rawzip_slice,,100000,elements,5619783.0,ns,25
compression_ratio,rawzip_slice,,100000,elements,6695333.0,ns,30
compression_ratio,rawzip_slice,,100000,elements,7828834.0,ns,35
compression_ratio,rawzip_slice,,100000,elements,8948619.0,ns,40
compression_ratio,rawzip_slice,,100000,elements,10050419.0,ns,45
compression_ratio,rawzip_slice,,100000,elements,11134466.0,ns,50
compression_ratio,rawzip_slice,,100000,elements,12307572.0,ns,55
compression_ratio,rawzip_slice,,100000,elements,13419852.0,ns,60
compression_ratio,rawzip_slice,,100000,elements,14490322.0,ns,65
compression_ratio,rawzip_slice,,100000,elements,15748611.0,ns,70
compression_ratio,rawzip_slice,,100000,elements,16921988.0,ns,75
compression_ratio,rawzip_slice,,100000,elements,18113188.0,ns,80
compression_ratio,rawzip_slice,,100000,elements,19184311.0,ns,85
compression_ratio,rawzip_slice,,100000,elements,20160061.0,ns,90
compression_ratio,rawzip_slice,,100000,elements,21308530.0,ns,95
compression_ratio,rawzip_slice,,100000,elements,22348362.0,ns,100
compression_ratio,rawzip_slice,,100000,elements,23453769.0,ns,105
compression_ratio,rawzip_slice,,100000,elements,24578283.0,ns,110
compression_ratio,rawzip_slice,,100000,elements,25700803.0,ns,115
compression_ratio,rawzip_slice,,100000,elements,26874040.0,ns,120
compression_ratio,rawzip_slice,,100000,elements,27947526.0,ns,125
compression_ratio,rawzip_slice,,100000,elements,28993369.0,ns,130
compression_ratio,rawzip_slice,,100000,elements,30205110.0,ns,135
compression_ratio,rawzip_slice,,100000,elements,31254029.0,ns,140
compression_ratio,rawzip_slice,,100000,elements,32456932.0,ns,145
compression_ratio,rawzip_slice,,100000,elements,33537392.0,ns,150
compression_ratio,rawzip_slice,,100000,elements,34820327.0,ns,155
compression_ratio,rawzip_slice,,100000,elements,35779917.0,ns,160
compression_ratio,rawzip_slice,,100000,elements,37073312.0,ns,165
compression_ratio,rawzip_slice,,100000,elements,38164111.0,ns,170
compression_ratio,rawzip_slice,,100000,elements,39201920.0,ns,175
compression_ratio,rawzip_slice,,100000,elements,40259036.0,ns,180
compression_ratio,rawzip_slice,,100000,elements,41320769.0,ns,185
compression_ratio,rawzip_slice,,100000,elements,42462385.0,ns,190
compression_ratio,rawzip_slice,,100000,elements,43615784.0,ns,195
compression_ratio,rawzip_slice,,100000,elements,48210232.0,ns,200
compression_ratio,rawzip_slice,,100000,elements,46137321.0,ns,205
compression_ratio,rawzip_slice,,100000,elements,46837275.0,ns,210
compression_ratio,rawzip_slice,,100000,elements,47937543.0,ns,215
compression_ratio,rawzip_slice,,100000,elements,49365709.0,ns,220
compression_ratio,rawzip_slice,,100000,elements,50496180.0,ns,225
compression_ratio,rawzip_slice,,100000,elements,51603611.0,ns,230
compression_ratio,rawzip_slice,,100000,elements,52583048.0,ns,235
compression_ratio,rawzip_slice,,100000,elements,53828362.0,ns,240
compression_ratio,rawzip_slice,,100000,elements,54910154.0,ns,245
compression_ratio,rawzip_slice,,100000,elements,55979513.0,ns,250
compression_ratio,rawzip_slice,,100000,elements,57417063.0,ns,255
compression_ratio,rawzip_slice,,100000,elements,58913687.0,ns,260
compression_ratio,rawzip_slice,,100000,elements,59425883.0,ns,265
compression_ratio,rawzip_slice,,100000,elements,61693375.0,ns,270
compression_ratio,rawzip_slice,,100000,elements,62996148.0,ns,275
compression_ratio,rawzip_slice,,100000,elements,63037858.0,ns,280
compression_ratio,rawzip_slice,,100000,elements,64195865.0,ns,285
compression_ratio,rawzip_slice,,100000,elements,68385622.0,ns,290
compression_ratio,rawzip_slice,,100000,elements,67242803.0,ns,295
compression_ratio,rawzip_slice,,100000,elements,67244247.0,ns,300
compression_ratio,rawzip_slice,,100000,elements,68743945.0,ns,305
compression_ratio,rawzip_slice,,100000,elements,70013626.0,ns,310
compression_ratio,rawzip_slice,,100000,elements,71164700.0,ns,315
compression_ratio,rawzip_slice,,100000,elements,72606138.0,ns,320
compression_ratio,rawzip_slice,,100000,elements,75333738.0,ns,325
compression_ratio,rawzip_slice,,100000,elements,82519375.0,ns,330
compression_ratio,rawzip_slice,,100000,elements,75600086.0,ns,335
compression_ratio,rawzip_slice,,100000,elements,76195350.0,ns,340
compression_ratio,rawzip_slice,,100000,elements,78213818.0,ns,345
compression_ratio,rawzip_slice,,100000,elements,79378438.0,ns,350
compression_ratio,rawzip_slice,,100000,elements,79674673.0,ns,355
compression_ratio,rawzip_slice,,100000,elements,84471006.0,ns,360
compression_ratio,rawzip_slice,,100000,elements,81929371.0,ns,365
compression_ratio,rawzip_slice,,100000,elements,83491418.0,ns,370
compression_ratio,rawzip_slice,,100000,elements,84909011.0,ns,375
compression_ratio,rawzip_slice,,100000,elements,85805060.0,ns,380
compression_ratio,rawzip_slice,,100000,elements,86342864.0,ns,385
compression_ratio,rawzip_slice,,100000,elements,87309878.0,ns,390
compression_ratio,rawzip_slice,,100000,elements,89278340.0,ns,395
compression_ratio,rawzip_slice,,100000,elements,89455017.0,ns,400
compression_ratio,rawzip_slice,,100000,elements,92092695.0,ns,405
compression_ratio,rawzip_slice,,100000,elements,92087475.0,ns,410
compression_ratio,rawzip_slice,,100000,elements,96681323.0,ns,415
compression_ratio,rawzip_slice,,100000,elements,94582742.0,ns,420
compression_ratio,rawzip_slice,,100000,elements,95634427.0,ns,425
compression_ratio,rawzip_slice,,100000,elements,99537527.0,ns,430
compression_ratio,rawzip_slice,,100000,elements,97636804.0,ns,435
compression_ratio,rawzip_slice,,100000,elements,98515118.0,ns,440
compression_ratio,rawzip_slice,,100000,elements,100251348.0,ns,445
compression_ratio,rawzip_slice,,100000,elements,101110565.0,ns,450
compression_ratio,rawzip_slice,,100000,elements,102860082.0,ns,455
compression_ratio,rawzip_slice,,100000,elements,103747642.0,ns,460
compression_ratio,rawzip_slice,,100000,elements,108493831.0,ns,465
compression_ratio,rawzip_slice,,100000,elements,106036947.0,ns,470
compression_ratio,rawzip_slice,,100000,elements,106678340.0,ns,475
compression_ratio,rawzip_slice,,100000,elements,108521173.0,ns,480
compression_ratio,rawzip_slice,,100000,elements,108990427.0,ns,485
compression_ratio,rawzip_slice,,100000,elements,110300104.0,ns,490
compression_ratio,rawzip_slice,,100000,elements,110602851.0,ns,495
compression_ratio,rawzip_slice,,100000,elements,111977773.0,ns,500
compression_ratio,rawzip_reader,,100000,elements,1155783.0,ns,3
compression_ratio,rawzip_reader,,100000,elements,2245541.0,ns,6
compression_ratio,rawzip_reader,,100000,elements,3331271.0,ns,9
compression_ratio,rawzip_reader,,100000,elements,4582386.0,ns,12
compression_ratio,rawzip_reader,,100000,elements,6009335.0,ns,15
compression_ratio,rawzip_reader,,100000,elements,7125062.0,ns,18
compression_ratio,rawzip_reader,,100000,elements,7937191.0,ns,21
compression_ratio,rawzip_reader,,100000,elements,9231037.0,ns,24
compression_ratio,rawzip_reader,,100000,elements,10137055.0,ns,27
compression_ratio,rawzip_reader,,100000,elements,11128334.0,ns,30
compression_ratio,rawzip_reader,,100000,elements,12149761.0,ns,33
compression_ratio,rawzip_reader,,100000,elements,13286728.0,ns,36
compression_ratio,rawzip_reader,,100000,elements,14428896.0,ns,39
compression_ratio,rawzip_reader,,100000,elements,15630016.0,ns,42
compression_ratio,rawzip_reader,,100000,elements,17047187.0,ns,45
compression_ratio,rawzip_reader,,100000,elements,17748614.0,ns,48
compression_ratio,rawzip_reader,,100000,elements,19072708.0,ns,51
compression_ratio,rawzip_reader,,100000,elements,20140334.0,ns,54
compression_ratio,rawzip_reader,,100000,elements,21106094.0,ns,57
compression_ratio,rawzip_reader,,100000,elements,22215770.0,ns,60
compression_ratio,rawzip_reader,,100000,elements,23368878.0,ns,63
compression_ratio,rawzip_reader,,100000,elements,25941262.0,ns,66
compression_ratio,rawzip_reader,,100000,elements,25647452.0,ns,69
compression_ratio,rawzip_reader,,100000,elements,26622640.0,ns,72
compression_ratio,rawzip_reader,,100000,elements,27387969.0,ns,75
compression_ratio,rawzip_reader,,100000,elements,28514047.0,ns,78
compression_ratio,rawzip_reader,,100000,elements,29712351.0,ns,81
compression_ratio,rawzip_reader,,100000,elements,31333701.0,ns,84
compression_ratio,rawzip_reader,,100000,elements,31610128.0,ns,87
compression_ratio,rawzip_reader,,100000,elements,32076267.0,ns,90
compression_ratio,rawzip_reader,,100000,elements,33035045.0,ns,93
compression_ratio,rawzip_reader,,100000,elements,33855930.0,ns,96
compression_ratio,rawzip_reader,,100000,elements,34878640.0,ns,99
compression_ratio,rawzip_reader,,100000,elements,44174850.0,ns,102
compression_ratio,rawzip_reader,,100000,elements,43593303.0,ns,105
compression_ratio,rawzip_reader,,100000,elements,38650730.0,ns,108
compression_ratio,rawzip_reader,,100000,elements,39469641.0,ns,111
compression_ratio,rawzip_reader,,100000,elements,41069731.0,ns,114
compression_ratio,rawzip_reader,,100000,elements,41195351.0,ns,117
compression_ratio,rawzip_reader,,100000,elements,42873770.0,ns,120
compression_ratio,rawzip_reader,,100000,elements,46526303.0,ns,123
compression_ratio,rawzip_reader,,100000,elements,46718950.0,ns,126
compression_ratio,rawzip_reader,,100000,elements,45474558.0,ns,129
compression_ratio,rawzip_reader,,100000,elements,47130425.0,ns,132
compression_ratio,rawzip_reader,,100000,elements,47856700.0,ns,135
compression_ratio,rawzip_reader,,100000,elements,48862196.0,ns,138
compression_ratio,rawzip_reader,,100000,elements,50071873.0,ns,141
compression_ratio,rawzip_reader,,100000,elements,51068061.0,ns,144
compression_ratio,rawzip_reader,,100000,elements,52280853.0,ns,147
compression_ratio,rawzip_reader,,100000,elements,53253237.0,ns,150
compression_ratio,rawzip_reader,,100000,elements,53737962.0,ns,153
compression_ratio,rawzip_reader,,100000,elements,55640467.0,ns,156
compression_ratio,rawzip_reader,,100000,elements,56044077.0,ns,159
compression_ratio,rawzip_reader,,100000,elements,57000009.0,ns,162
compression_ratio,rawzip_reader,,100000,elements,57970830.0,ns,165
compression_ratio,rawzip_reader,,100000,elements,59655833.0,ns,168
compression_ratio,rawzip_reader,,100000,elements,60340387.0,ns,171
compression_ratio,rawzip_reader,,100000,elements,61740857.0,ns,174
compression_ratio,rawzip_reader,,100000,elements,63215898.0,ns,177
compression_ratio,rawzip_reader,,100000,elements,66381784.0,ns,180
compression_ratio,rawzip_reader,,100000,elements,64528200.0,ns,183
compression_ratio,rawzip_reader,,100000,elements,65931315.0,ns,186
compression_ratio,rawzip_reader,,100000,elements,66923045.0,ns,189
compression_ratio,rawzip_reader,,100000,elements,67634472.0,ns,192
compression_ratio,rawzip_reader,,100000,elements,69450224.0,ns,195
compression_ratio,rawzip_reader,,100000,elements,69744655.0,ns,198
compression_ratio,rawzip_reader,,100000,elements,70873156.0,ns,201
compression_ratio,rawzip_reader,,100000,elements,72111537.0,ns,204
compression_ratio,rawzip_reader,,100000,elements,72856918.0,ns,207
compression_ratio,rawzip_reader,,100000,elements,74161385.0,ns,210
compression_ratio,rawzip_reader,,100000,elements,74954476.0,ns,213
compression_ratio,rawzip_reader,,100000,elements,76150046.0,ns,216
compression_ratio,rawzip_reader,,100000,elements,78021844.0,ns,219
compression_ratio,rawzip_reader,,100000,elements,81562443.0,ns,222
compression_ratio,rawzip_reader,,100000,elements,79349354.0,ns,225
compression_ratio,rawzip_reader,,100000,elements,80605349.0,ns,228
compression_ratio,rawzip_reader,,100000,elements,81315091.0,ns,231
compression_ratio,rawzip_reader,,100000,elements,83391520.0,ns,234
compression_ratio,rawzip_reader,,100000,elements,84768836.0,ns,237
compression_ratio,rawzip_reader,,100000,elements,85965727.0,ns,240
compression_ratio,rawzip_reader,,100000,elements,85645016.0,ns,243
compression_ratio,rawzip_reader,,100000,elements,86755823.0,ns,246
compression_ratio,rawzip_reader,,100000,elements,87709231.0,ns,249
compression_ratio,rawzip_reader,,100000,elements,88817724.0,ns,252
compression_ratio,rawzip_reader,,100000,elements,91013290.0,ns,255
compression_ratio,rawzip_reader,,100000,elements,93682919.0,ns,258
compression_ratio,rawzip_reader,,100000,elements,92563535.0,ns,261
compression_ratio,rawzip_reader,,100000,elements,93114535.0,ns,264
compression_ratio,rawzip_reader,,100000,elements,94227356.0,ns,267
compression_ratio,rawzip_reader,,100000,elements,97802432.0,ns,270
compression_ratio,rawzip_reader,,100000,elements,96442961.0,ns,273
compression_ratio,rawzip_reader,,100000,elements,98065303.0,ns,276
compression_ratio,rawzip_reader,,100000,elements,98159102.0,ns,279
compression_ratio,rawzip_reader,,100000,elements,100397489.0,ns,282
compression_ratio,rawzip_reader,,100000,elements,102589437.0,ns,285
compression_ratio,rawzip_reader,,100000,elements,105415003.0,ns,288
compression_ratio,rawzip_reader,,100000,elements,103019898.0,ns,291
compression_ratio,rawzip_reader,,100000,elements,104313073.0,ns,294
compression_ratio,rawzip_reader,,100000,elements,105029138.0,ns,297
compression_ratio,rawzip_reader,,100000,elements,106695315.0,ns,300
write,extra_fields/rawzip,,627800,bytes,1298576.0,ns,2
write,extra_fields/rawzip,,627800,bytes,2565110.0,ns,4
write,extra_fields/rawzip,,627800,bytes,3856452.0,ns,6
write,extra_fields/rawzip,,627800,bytes,5025762.0,ns,8
write,extra_fields/rawzip,,627800,bytes,6077056.0,ns,10
write,extra_fields/rawzip,,627800,bytes,7284680.0,ns,12
write,extra_fields/rawzip,,627800,bytes,8582043.0,ns,14
write,extra_fields/rawzip,,627800,bytes,9773835.0,ns,16
write,extra_fields/rawzip,,627800,bytes,10961560.0,ns,18
write,extra_fields/rawzip,,627800,bytes,12236230.0,ns,20
write,extra_fields/rawzip,,627800,bytes,13508485.0,ns,22
write,extra_fields/rawzip,,627800,bytes,15154133.0,ns,24
write,extra_fields/rawzip,,627800,bytes,16166283.0,ns,26
write,extra_fields/rawzip,,627800,bytes,17372673.0,ns,28
write,extra_fields/rawzip,,627800,bytes,18439327.0,ns,30
write,extra_fields/rawzip,,627800,bytes,19605009.0,ns,32
write,extra_fields/rawzip,,627800,bytes,20751034.0,ns,34
write,extra_fields/rawzip,,627800,bytes,21987952.0,ns,36
write,extra_fields/rawzip,,627800,bytes,23185255.0,ns,38
write,extra_fields/rawzip,,627800,bytes,24643305.0,ns,40
write,extra_fields/rawzip,,627800,bytes,26170988.0,ns,42
write,extra_fields/rawzip,,627800,bytes,26887925.0,ns,44
write,extra_fields/rawzip,,627800,bytes,27980248.0,ns,46
write,extra_fields/rawzip,,627800,bytes,29272361.0,ns,48
write,extra_fields/rawzip,,627800,bytes,30657833.0,ns,50
write,extra_fields/rawzip,,627800,bytes,31964805.0,ns,52
write,extra_fields/rawzip,,627800,bytes,32982685.0,ns,54
write,extra_fields/rawzip,,627800,bytes,34344542.0,ns,56
write,extra_fields/rawzip,,627800,bytes,35421474.0,ns,58
write,extra_fields/rawzip,,627800,bytes,36764155.0,ns,60
write,extra_fields/rawzip,,627800,bytes,37900241.0,ns,62
write,extra_fields/rawzip,,627800,bytes,40211017.0,ns,64
write,extra_fields/rawzip,,627800,bytes,40690832.0,ns,66
write,extra_fields/rawzip,,627800,bytes,41757004.0,ns,68
write,extra_fields/rawzip,,627800,bytes,42777991.0,ns,70
write,extra_fields/rawzip,,627800,bytes,44554759.0,ns,72
write,extra_fields/rawzip,,627800,bytes,45368660.0,ns,74
write,extra_fields/rawzip,,627800,bytes,46789449.0,ns,76
write,extra_fields/rawzip,,627800,bytes,47440531.0,ns,78
write,extra_fields/rawzip,,627800,bytes,51738605.0,ns,80
write,extra_fields/rawzip,,627800,bytes,49788347.0,ns,82
write,extra_fields/rawzip,,627800,bytes,52173173.0,ns,84
write,extra_fields/rawzip,,627800,bytes,52371402.0,ns,86
write,extra_fields/rawzip,,627800,bytes,54242018.0,ns,88
write,extra_fields/rawzip,,627800,bytes,55295147.0,ns,90
write,extra_fields/rawzip,,627800,bytes,56165946.0,ns,92
write,extra_fields/rawzip,,627800,bytes,57488979.0,ns,94
write,extra_fields/rawzip,,627800,bytes,58936339.0,ns,96
write,extra_fields/rawzip,,627800,bytes,61067482.0,ns,98
write,extra_fields/rawzip,,627800,bytes,64444400.0,ns,100
write,extra_fields/rawzip,,627800,bytes,64148566.0,ns,102
write,extra_fields/rawzip,,627800,bytes,64937410.0,ns,104
write,extra_fields/rawzip,,627800,bytes,65120429.0,ns,106
write,extra_fields/rawzip,,627800,bytes,66478478.0,ns,108
write,extra_fields/rawzip,,627800,bytes,67092028.0,ns,110
write,extra_fields/rawzip,,627800,bytes,69957561.0,ns,112
write,extra_fields/rawzip,,627800,bytes,71418618.0,ns,114
write,extra_fields/rawzip,,627800,bytes,73664791.0,ns,116
write,extra_fields/rawzip,,627800,bytes,73130201.0,ns,118
write,extra_fields/rawzip,,627800,bytes,73663217.0,ns,120
write,extra_fields/rawzip,,627800,bytes,75009704.0,ns,122
write,extra_fields/rawzip,,627800,bytes,75929248.0,ns,124
write,extra_fields/rawzip,,627800,bytes,77623267.0,ns,126
write,extra_fields/rawzip,,627800,bytes,78528543.0,ns,128
write,extra_fields/rawzip,,627800,bytes,79524563.0,ns,130
write,extra_fields/rawzip,,627800,bytes,80823879.0,ns,132
write,extra_fields/rawzip,,627800,bytes,84653922.0,ns,134
write,extra_fields/rawzip,,627800,bytes,86301253.0,ns,136
write,extra_fields/rawzip,,627800,bytes,86465676.0,ns,138
write,extra_fields/rawzip,,627800,bytes,85892945.0,ns,140
write,extra_fields/rawzip,,627800,bytes,88335832.0,ns,142
write,extra_fields/rawzip,,627800,bytes,88000002.0,ns,144
write,extra_fields/rawzip,,627800,bytes,89063981.0,ns,146
write,extra_fields/rawzip,,627800,bytes,90154610.0,ns,148
write,extra_fields/rawzip,,627800,bytes,91089643.0,ns,150
write,extra_fields/rawzip,,627800,bytes,92144404.0,ns,152
write,extra_fields/rawzip,,627800,bytes,94264205.0,ns,154
write,extra_fields/rawzip,,627800,bytes,95709571.0,ns,156
write,extra_fields/rawzip,,627800,bytes,96873911.0,ns,158
write,extra_fields/rawzip,,627800,bytes,99608615.0,ns,160
write,extra_fields/rawzip,,627800,bytes,100170666.0,ns,162
write,extra_fields/rawzip,,627800,bytes,101687058.0,ns,164
write,extra_fields/rawzip,,627800,bytes,103485527.0,ns,166
write,extra_fields/rawzip,,627800,bytes,103764709.0,ns,168
write,extra_fields/rawzip,,627800,bytes,104988843.0,ns,170
write,extra_fields/rawzip,,627800,bytes,105497513.0,ns,172
write,extra_fields/rawzip,,627800,bytes,107210399.0,ns,174
write,extra_fields/rawzip,,627800,bytes,108948613.0,ns,176
write,extra_fields/rawzip,,627800,bytes,110329937.0,ns,178
write,extra_fields/rawzip,,627800,bytes,114356895.0,ns,180
write,extra_fields/rawzip,,627800,bytes,114138803.0,ns,182
write,extra_fields/rawzip,,627800,bytes,115431994.0,ns,184
write,extra_fields/rawzip,,627800,bytes,114346364.0,ns,186
write,extra_fields/rawzip,,627800,bytes,115075785.0,ns,188
write,extra_fields/rawzip,,627800,bytes,121463188.0,ns,190
write,extra_fields/rawzip,,627800,bytes,120877907.0,ns,192
write,extra_fields/rawzip,,627800,bytes,120180197.0,ns,194
write,extra_fields/rawzip,,627800,bytes,123994189.0,ns,196
write,extra_fields/rawzip,,627800,bytes,130731795.0,ns,198
write,extra_fields/rawzip,,627800,bytes,129175318.0,ns,200
write,minimal/rawzip,,582800,bytes,1042658.0,ns,2
write,minimal/rawzip,,582800,bytes,2154338.0,ns,4
write,minimal/rawzip,,582800,bytes,3233074.0,ns,6
write,minimal/rawzip,,582800,bytes,4274891.0,ns,8
write,minimal/rawzip,,582800,bytes,5218921.0,ns,10
write,minimal/rawzip,,582800,bytes,6244787.0,ns,12
write,minimal/rawzip,,582800,bytes,7476966.0,ns,14
write,minimal/rawzip,,582800,bytes,8281690.0,ns,16
write,minimal/rawzip,,582800,bytes,9476238.0,ns,18
write,minimal/rawzip,,582800,bytes,10390811.0,ns,20
write,minimal/rawzip,,582800,bytes,11482082.0,ns,22
write,minimal/rawzip,,582800,bytes,13137068.0,ns,24
write,minimal/rawzip,,582800,bytes,13755948.0,ns,26
write,minimal/rawzip,,582800,bytes,14661694.0,ns,28
write,minimal/rawzip,,582800,bytes,15673183.0,ns,30
write,minimal/rawzip,,582800,bytes,16899971.0,ns,32
write,minimal/rawzip,,582800,bytes,18031359.0,ns,34
write,minimal/rawzip,,582800,bytes,18649978.0,ns,36
write,minimal/rawzip,,582800,bytes,19603938.0,ns,38
write,minimal/rawzip,,582800,bytes,20939253.0,ns,40
write,minimal/rawzip,,582800,bytes,22019753.0,ns,42
write,minimal/rawzip,,582800,bytes,22851179.0,ns,44
write,minimal/rawzip,,582800,bytes,23655913.0,ns,46
write,minimal/rawzip,,582800,bytes,24923901.0,ns,48
write,minimal/rawzip,,582800,bytes,25916193.0,ns,50
write,minimal/rawzip,,582800,bytes,26994549.0,ns,52
write,minimal/rawzip,,582800,bytes,27816967.0,ns,54
write,minimal/rawzip,,582800,bytes,28802606.0,ns,56
write,minimal/rawzip,,582800,bytes,29698184.0,ns,58
write,minimal/rawzip,,582800,bytes,31068927.0,ns,60
write,minimal/rawzip,,582800,bytes,31949666.0,ns,62
write,minimal/rawzip,,582800,bytes,34518299.0,ns,64
write,minimal/rawzip,,582800,bytes,35016649.0,ns,66
write,minimal/rawzip,,582800,bytes,36162890.0,ns,68
write,minimal/rawzip,,582800,bytes,36959528.0,ns,70
write,minimal/rawzip,,582800,bytes,37751789.0,ns,72
write,minimal/rawzip,,582800,bytes,38755542.0,ns,74
write,minimal/rawzip,,582800,bytes,39449034.0,ns,76
write,minimal/rawzip,,582800,bytes,40689940.0,ns,78
write,minimal/rawzip,,582800,bytes,41708974.0,ns,80
write,minimal/rawzip,,582800,bytes,42845180.0,ns,82
write,minimal/rawzip,,582800,bytes,44231643.0,ns,84
write,minimal/rawzip,,582800,bytes,44954992.0,ns,86
write,minimal/rawzip,,582800,bytes,45897700.0,ns,88
write,minimal/rawzip,,582800,bytes,46677717.0,ns,90
write,minimal/rawzip,,582800,bytes,48252309.0,ns,92
write,minimal/rawzip,,582800,bytes,49115225.0,ns,94
write,minimal/rawzip,,582800,bytes,50594776.0,ns,96
write,minimal/rawzip,,582800,bytes,51063289.0,ns,98
write,minimal/rawzip,,582800,bytes,51035326.0,ns,100
write,minimal/rawzip,,582800,bytes,52150923.0,ns,102
write,minimal/rawzip,,582800,bytes,53410754.0,ns,104
write,minimal/rawzip,,582800,bytes,54458562.0,ns,106
write,minimal/rawzip,,582800,bytes,57161416.0,ns,108
write,minimal/rawzip,,582800,bytes,57610192.0,ns,110
write,minimal/rawzip,,582800,bytes,57863064.0,ns,112
write,minimal/rawzip,,582800,bytes,58158917.0,ns,114
write,minimal/rawzip,,582800,bytes,59735734.0,ns,116
write,minimal/rawzip,,582800,bytes,60858194.0,ns,118
write,minimal/rawzip,,582800,bytes,61328982.0,ns,120
write,minimal/rawzip,,582800,bytes,62967335.0,ns,122
write,minimal/rawzip,,582800,bytes,63333354.0,ns,124
write,minimal/rawzip,,582800,bytes,65655461.0,ns,126
write,minimal/rawzip,,582800,bytes,66537983.0,ns,128
write,minimal/rawzip,,582800,bytes,66512825.0,ns,130
write,minimal/rawzip,,582800,bytes,68451072.0,ns,132
write,minimal/rawzip,,582800,bytes,70018880.0,ns,134
write,minimal/rawzip,,582800,bytes,70937612.0,ns,136
write,minimal/rawzip,,582800,bytes,71529501.0,ns,138
write,minimal/rawzip,,582800,bytes,75087113.0,ns,140
write,minimal/rawzip,,582800,bytes,74990339.0,ns,142
write,minimal/rawzip,,582800,bytes,74498652.0,ns,144
write,minimal/rawzip,,582800,bytes,76045652.0,ns,146
write,minimal/rawzip,,582800,bytes,76507302.0,ns,148
write,minimal/rawzip,,582800,bytes,77798654.0,ns,150
write,minimal/rawzip,,582800,bytes,79494367.0,ns,152
write,minimal/rawzip,,582800,bytes,81205450.0,ns,154
write,minimal/rawzip,,582800,bytes,81737002.0,ns,156
write,minimal/rawzip,,582800,bytes,82023088.0,ns,158
write,minimal/rawzip,,582800,bytes,84281043.0,ns,160
write,minimal/rawzip,,582800,bytes,84793691.0,ns,162
write,minimal/rawzip,,582800,bytes,85506911.0,ns,164
write,minimal/rawzip,,582800,bytes,86707880.0,ns,166
write,minimal/rawzip,,582800,bytes,86347123.0,ns,168
write,minimal/rawzip,,582800,bytes,87994443.0,ns,170
write,minimal/rawzip,,582800,bytes,88254339.0,ns,172
write,minimal/rawzip,,582800,bytes,89700547.0,ns,174
write,minimal/rawzip,,582800,bytes,90127731.0,ns,176
write,minimal/rawzip,,582800,bytes,92261478.0,ns,178
write,minimal/rawzip,,582800,bytes,92269073.0,ns,180
write,minimal/rawzip,,582800,bytes,94066510.0,ns,182
write,minimal/rawzip,,582800,bytes,94816551.0,ns,184
write,minimal/rawzip,,582800,bytes,96266956.0,ns,186
write,minimal/rawzip,,582800,bytes,98763266.0,ns,188
write,minimal/rawzip,,582800,bytes,97735576.0,ns,190
write,minimal/rawzip,,582800,bytes,100659060.0,ns,192
write,minimal/rawzip,,582800,bytes,102752471.0,ns,194
write,minimal/rawzip,,582800,bytes,102639296.0,ns,196
write,minimal/rawzip,,582800,bytes,104662373.0,ns,198
write,minimal/rawzip,,582800,bytes,104126602.0,ns,200
write,extra_fields/zip,,627800,bytes,53417076.0,ns,11
write,extra_fields/zip,,627800,bytes,53570789.0,ns,11
write,extra_fields/zip,,627800,bytes,52788869.0,ns,11
write,extra_fields/zip,,627800,bytes,53009680.0,ns,11
write,extra_fields/zip,,627800,bytes,53424811.0,ns,11
write,extra_fields/zip,,627800,bytes,53458665.0,ns,11
write,extra_fields/zip,,627800,bytes,52722342.0,ns,11
write,extra_fields/zip,,627800,bytes,55281361.0,ns,11
write,extra_fields/zip,,627800,bytes,52960991.0,ns,11
write,extra_fields/zip,,627800,bytes,53431894.0,ns,11
write,extra_fields/zip,,627800,bytes,53119739.0,ns,11
write,extra_fields/zip,,627800,bytes,52955777.0,ns,11
write,extra_fields/zip,,627800,bytes,53430482.0,ns,11
write,extra_fields/zip,,627800,bytes,53797121.0,ns,11
write,extra_fields/zip,,627800,bytes,53959570.0,ns,11
write,extra_fields/zip,,627800,bytes,53132173.0,ns,11
write,extra_fields/zip,,627800,bytes,52903456.0,ns,11
write,extra_fields/zip,,627800,bytes,51566838.0,ns,11
write,extra_fields/zip,,627800,bytes,51944138.0,ns,11
write,extra_fields/zip,,627800,bytes,52423261.0,ns,11
write,extra_fields/zip,,627800,bytes,52280138.0,ns,11
write,extra_fields/zip,,627800,bytes,51905244.0,ns,11
write,extra_fields/zip,,627800,bytes,52429523.0,ns,11
write,extra_fields/zip,,627800,bytes,52475231.0,ns,11
write,extra_fields/zip,,627800,bytes,52866336.0,ns,11
write,extra_fields/zip,,627800,bytes,52045071.0,ns,11
write,extra_fields/zip,,627800,bytes,54405400.0,ns,11
write,extra_fields/zip,,627800,bytes,52231416.0,ns,11
write,extra_fields/zip,,627800,bytes,53068371.0,ns,11
write,extra_fields/zip,,627800,bytes,52498575.0,ns,11
write,extra_fields/zip,,627800,bytes,51909432.0,ns,11
write,extra_fields/zip,,627800,bytes,53963629.0,ns,11
write,extra_fields/zip,,627800,bytes,51803930.0,ns,11
write,extra_fields/zip,,627800,bytes,52016746.0,ns,11
write,extra_fields/zip,,627800,bytes,52228259.0,ns,11
write,extra_fields/zip,,627800,bytes,52073294.0,ns,11
write,extra_fields/zip,,627800,bytes,51813239.0,ns,11
write,extra_fields/zip,,627800,bytes,51839268.0,ns,11
write,extra_fields/zip,,627800,bytes,52090447.0,ns,11
write,extra_fields/zip,,627800,bytes,51921334.0,ns,11
write,extra_fields/zip,,627800,bytes,51817136.0,ns,11
write,extra_fields/zip,,627800,bytes,52679950.0,ns,11
write,extra_fields/zip,,627800,bytes,52089926.0,ns,11
write,extra_fields/zip,,627800,bytes,52072523.0,ns,11
write,extra_fields/zip,,627800,bytes,52252506.0,ns,11
write,extra_fields/zip,,627800,bytes,53796119.0,ns,11
write,extra_fields/zip,,627800,bytes,52026094.0,ns,11
write,extra_fields/zip,,627800,bytes,52593956.0,ns,11
write,extra_fields/zip,,627800,bytes,52534403.0,ns,11
write,extra_fields/zip,,627800,bytes,51960649.0,ns,11
write,extra_fields/zip,,627800,bytes,52452968.0,ns,11
write,extra_fields/zip,,627800,bytes,52285348.0,ns,11
write,extra_fields/zip,,627800,bytes,51917778.0,ns,11
write,extra_fields/zip,,627800,bytes,53046259.0,ns,11
write,extra_fields/zip,,627800,bytes,52454341.0,ns,11
write,extra_fields/zip,,627800,bytes,52085918.0,ns,11
write,extra_fields/zip,,627800,bytes,52039730.0,ns,11
write,extra_fields/zip,,627800,bytes,52596201.0,ns,11
write,extra_fields/zip,,627800,bytes,53627989.0,ns,11
write,extra_fields/zip,,627800,bytes,52088594.0,ns,11
write,extra_fields/zip,,627800,bytes,52290509.0,ns,11
write,extra_fields/zip,,627800,bytes,52593857.0,ns,11
write,extra_fields/zip,,627800,bytes,52105305.0,ns,11
write,extra_fields/zip,,627800,bytes,52530376.0,ns,11
write,extra_fields/zip,,627800,bytes,55393394.0,ns,11
write,extra_fields/zip,,627800,bytes,52757318.0,ns,11
write,extra_fields/zip,,627800,bytes,53472191.0,ns,11
write,extra_fields/zip,,627800,bytes,54031006.0,ns,11
write,extra_fields/zip,,627800,bytes,52237197.0,ns,11
write,extra_fields/zip,,627800,bytes,51981980.0,ns,11
write,extra_fields/zip,,627800,bytes,51750399.0,ns,11
write,extra_fields/zip,,627800,bytes,51946493.0,ns,11
write,extra_fields/zip,,627800,bytes,52641557.0,ns,11
write,extra_fields/zip,,627800,bytes,51852253.0,ns,11
write,extra_fields/zip,,627800,bytes,52450384.0,ns,11
write,extra_fields/zip,,627800,bytes,51718688.0,ns,11
write,extra_fields/zip,,627800,bytes,51733948.0,ns,11
write,extra_fields/zip,,627800,bytes,52088944.0,ns,11
write,extra_fields/zip,,627800,bytes,51504930.0,ns,11
write,extra_fields/zip,,627800,bytes,51692608.0,ns,11
write,extra_fields/zip,,627800,bytes,52502372.0,ns,11
write,extra_fields/zip,,627800,bytes,50906620.0,ns,11
write,extra_fields/zip,,627800,bytes,50738670.0,ns,11
write,extra_fields/zip,,627800,bytes,51622976.0,ns,11
write,extra_fields/zip,,627800,bytes,51983523.0,ns,11
write,extra_fields/zip,,627800,bytes,51114526.0,ns,11
write,extra_fields/zip,,627800,bytes,52590380.0,ns,11
write,extra_fields/zip,,627800,bytes,50768546.0,ns,11
write,extra_fields/zip,,627800,bytes,50807070.0,ns,11
write,extra_fields/zip,,627800,bytes,51639668.0,ns,11
write,extra_fields/zip,,627800,bytes,50658597.0,ns,11
write,extra_fields/zip,,627800,bytes,50712059.0,ns,11
write,extra_fields/zip,,627800,bytes,51715753.0,ns,11
write,extra_fields/zip,,627800,bytes,50507649.0,ns,11
write,extra_fields/zip,,627800,bytes,50627678.0,ns,11
write,extra_fields/zip,,627800,bytes,50999698.0,ns,11
write,extra_fields/zip,,627800,bytes,51262609.0,ns,11
write,extra_fields/zip,,627800,bytes,51472569.0,ns,11
write,extra_fields/zip,,627800,bytes,51302475.0,ns,11
write,extra_fields/zip,,627800,bytes,51960409.0,ns,11
write,minimal/async_zip,,582800,bytes,1336468.0,ns,2
write,minimal/async_zip,,582800,bytes,2742690.0,ns,4
write,minimal/async_zip,,582800,bytes,4088475.0,ns,6
write,minimal/async_zip,,582800,bytes,5440854.0,ns,8
write,minimal/async_zip,,582800,bytes,6812519.0,ns,10
write,minimal/async_zip,,582800,bytes,8155450.0,ns,12
write,minimal/async_zip,,582800,bytes,9535711.0,ns,14
write,minimal/async_zip,,582800,bytes,10904290.0,ns,16
write,minimal/async_zip,,582800,bytes,12357591.0,ns,18
write,minimal/async_zip,,582800,bytes,13638624.0,ns,20
write,minimal/async_zip,,582800,bytes,15059393.0,ns,22
write,minimal/async_zip,,582800,bytes,16390080.0,ns,24
write,minimal/async_zip,,582800,bytes,18885689.0,ns,26
write,minimal/async_zip,,582800,bytes,19590653.0,ns,28
write,minimal/async_zip,,582800,bytes,20575520.0,ns,30
write,minimal/async_zip,,582800,bytes,22161805.0,ns,32
write,minimal/async_zip,,582800,bytes,23526397.0,ns,34
write,minimal/async_zip,,582800,bytes,24320261.0,ns,36
write,minimal/async_zip,,582800,bytes,25796616.0,ns,38
write,minimal/async_zip,,582800,bytes,26782485.0,ns,40
write,minimal/async_zip,,582800,bytes,28118442.0,ns,42
write,minimal/async_zip,,582800,bytes,29456343.0,ns,44
write,minimal/async_zip,,582800,bytes,30825464.0,ns,46
write,minimal/async_zip,,582800,bytes,32311106.0,ns,48
write,minimal/async_zip,,582800,bytes,33632145.0,ns,50
write,minimal/async_zip,,582800,bytes,35841828.0,ns,52
write,minimal/async_zip,,582800,bytes,36675056.0,ns,54
write,minimal/async_zip,,582800,bytes,37849827.0,ns,56
write,minimal/async_zip,,582800,bytes,39577631.0,ns,58
write,minimal/async_zip,,582800,bytes,40887819.0,ns,60
write,minimal/async_zip,,582800,bytes,42304249.0,ns,62
write,minimal/async_zip,,582800,bytes,43462518.0,ns,64
write,minimal/async_zip,,582800,bytes,44575229.0,ns,66
write,minimal/async_zip,,582800,bytes,46265623.0,ns,68
write,minimal/async_zip,,582800,bytes,47323529.0,ns,70
write,minimal/async_zip,,582800,bytes,48917970.0,ns,72
write,minimal/async_zip,,582800,bytes,53810829.0,ns,74
write,minimal/async_zip,,582800,bytes,51708360.0,ns,76
write,minimal/async_zip,,582800,bytes,53977857.0,ns,78
write,minimal/async_zip,,582800,bytes,54659847.0,ns,80
write,minimal/async_zip,,582800,bytes,55540587.0,ns,82
write,minimal/async_zip,,582800,bytes,56912181.0,ns,84
write,minimal/async_zip,,582800,bytes,58287274.0,ns,86
write,minimal/async_zip,,582800,bytes,59417409.0,ns,88
write,minimal/async_zip,,582800,bytes,61277194.0,ns,90
write,minimal/async_zip,,582800,bytes,65270208.0,ns,92
write,minimal/async_zip,,582800,bytes,63550158.0,ns,94
write,minimal/async_zip,,582800,bytes,64927114.0,ns,96
write,minimal/async_zip,,582800,bytes,67721953.0,ns,98
write,minimal/async_zip,,582800,bytes,68751766.0,ns,100
write,minimal/async_zip,,582800,bytes,69435459.0,ns,102
write,minimal/async_zip,,582800,bytes,70190428.0,ns,104
write,minimal/async_zip,,582800,bytes,74894137.0,ns,106
write,minimal/async_zip,,582800,bytes,73494589.0,ns,108
write,minimal/async_zip,,582800,bytes,74233076.0,ns,110
write,minimal/async_zip,,582800,bytes,75644388.0,ns,112
write,minimal/async_zip,,582800,bytes,77055839.0,ns,114
write,minimal/async_zip,,582800,bytes,78084861.0,ns,116
write,minimal/async_zip,,582800,bytes,79412733.0,ns,118
write,minimal/async_zip,,582800,bytes,82478598.0,ns,120
write,minimal/async_zip,,582800,bytes,82177244.0,ns,122
write,minimal/async_zip,,582800,bytes,83863930.0,ns,124
write,minimal/async_zip,,582800,bytes,85372276.0,ns,126
write,minimal/async_zip,,582800,bytes,86034954.0,ns,128
write,minimal/async_zip,,582800,bytes,88054980.0,ns,130
write,minimal/async_zip,,582800,bytes,93277347.0,ns,132
write,minimal/async_zip,,582800,bytes,91593037.0,ns,134
write,minimal/async_zip,,582800,bytes,92953330.0,ns,136
write,minimal/async_zip,,582800,bytes,94514471.0,ns,138
write,minimal/async_zip,,582800,bytes,95337154.0,ns,140
write,minimal/async_zip,,582800,bytes,97962386.0,ns,142
write,minimal/async_zip,,582800,bytes,98061970.0,ns,144
write,minimal/async_zip,,582800,bytes,99988263.0,ns,146
write,minimal/async_zip,,582800,bytes,101542928.0,ns,148
write,minimal/async_zip,,582800,bytes,102384051.0,ns,150
write,minimal/async_zip,,582800,bytes,107708343.0,ns,152
write,minimal/async_zip,,582800,bytes,105244145.0,ns,154
write,minimal/async_zip,,582800,bytes,106423513.0,ns,156
write,minimal/async_zip,,582800,bytes,108618838.0,ns,158
write,minimal/async_zip,,582800,bytes,109214735.0,ns,160
write,minimal/async_zip,,582800,bytes,110483574.0,ns,162
write,minimal/async_zip,,582800,bytes,110925557.0,ns,164
write,minimal/async_zip,,582800,bytes,114250942.0,ns,166
write,minimal/async_zip,,582800,bytes,114843026.0,ns,168
write,minimal/async_zip,,582800,bytes,119575109.0,ns,170
write,minimal/async_zip,,582800,bytes,116402921.0,ns,172
write,minimal/async_zip,,582800,bytes,117536872.0,ns,174
write,minimal/async_zip,,582800,bytes,118625629.0,ns,176
write,minimal/async_zip,,582800,bytes,120043011.0,ns,178
write,minimal/async_zip,,582800,bytes,120702989.0,ns,180
write,minimal/async_zip,,582800,bytes,122724474.0,ns,182
write,minimal/async_zip,,582800,bytes,125784999.0,ns,184
write,minimal/async_zip,,582800,bytes,129299340.0,ns,186
write,minimal/async_zip,,582800,bytes,127309686.0,ns,188
write,minimal/async_zip,,582800,bytes,128901762.0,ns,190
write,minimal/async_zip,,582800,bytes,129427183.0,ns,192
write,minimal/async_zip,,582800,bytes,130339483.0,ns,194
write,minimal/async_zip,,582800,bytes,133539945.0,ns,196
write,minimal/async_zip,,582800,bytes,134985491.0,ns,198
write,minimal/async_zip,,582800,bytes,138337733.0,ns,200
write,minimal/zip,,582800,bytes,50602501.0,ns,13
write,minimal/zip,,582800,bytes,50482642.0,ns,13
write,minimal/zip,,582800,bytes,50312037.0,ns,13
write,minimal/zip,,582800,bytes,51411784.0,ns,13
write,minimal/zip,,582800,bytes,50956646.0,ns,13
write,minimal/zip,,582800,bytes,54031870.0,ns,13
write,minimal/zip,,582800,bytes,50302268.0,ns,13
write,minimal/zip,,582800,bytes,50230432.0,ns,13
write,minimal/zip,,582800,bytes,50273784.0,ns,13
write,minimal/zip,,582800,bytes,50663847.0,ns,13
write,minimal/zip,,582800,bytes,50496308.0,ns,13
write,minimal/zip,,582800,bytes,50474496.0,ns,13
write,minimal/zip,,582800,bytes,51226781.0,ns,13
write,minimal/zip,,582800,bytes,50735444.0,ns,13
write,minimal/zip,,582800,bytes,50294774.0,ns,13
write,minimal/zip,,582800,bytes,50651725.0,ns,13
write,minimal/zip,,582800,bytes,50225412.0,ns,13
write,minimal/zip,,582800,bytes,49744169.0,ns,13
write,minimal/zip,,582800,bytes,52107240.0,ns,13
write,minimal/zip,,582800,bytes,50515855.0,ns,13
write,minimal/zip,,582800,bytes,50027545.0,ns,13
write,minimal/zip,,582800,bytes,50290396.0,ns,13
write,minimal/zip,,582800,bytes,50025391.0,ns,13
write,minimal/zip,,582800,bytes,49687416.0,ns,13
write,minimal/zip,,582800,bytes,50375388.0,ns,13
write,minimal/zip,,582800,bytes,49751759.0,ns,13
write,minimal/zip,,582800,bytes,49460784.0,ns,13
write,minimal/zip,,582800,bytes,49831972.0,ns,13
write,minimal/zip,,582800,bytes,50287691.0,ns,13
write,minimal/zip,,582800,bytes,51596767.0,ns,13
write,minimal/zip,,582800,bytes,50276138.0,ns,13
write,minimal/zip,,582800,bytes,49446847.0,ns,13
write,minimal/zip,,582800,bytes,50057642.0,ns,13
write,minimal/zip,,582800,bytes,50777715.0,ns,13
write,minimal/zip,,582800,bytes,51071054.0,ns,13
write,minimal/zip,,582800,bytes,51802369.0,ns,13
write,minimal/zip,,582800,bytes,50798335.0,ns,13
write,minimal/zip,,582800,bytes,51103086.0,ns,13
write,minimal/zip,,582800,bytes,54451911.0,ns,13
write,minimal/zip,,582800,bytes,51218556.0,ns,13
write,minimal/zip,,582800,bytes,50644992.0,ns,13
write,minimal/zip,,582800,bytes,51492668.0,ns,13
write,minimal/zip,,582800,bytes,52519425.0,ns,13
write,minimal/zip,,582800,bytes,50754441.0,ns,13
write,minimal/zip,,582800,bytes,50791652.0,ns,13
write,minimal/zip,,582800,bytes,50116144.0,ns,13
write,minimal/zip,,582800,bytes,50188993.0,ns,13
write,minimal/zip,,582800,bytes,50379466.0,ns,13
write,minimal/zip,,582800,bytes,50531736.0,ns,13
write,minimal/zip,,582800,bytes,50440442.0,ns,13
write,minimal/zip,,582800,bytes,50458697.0,ns,13
write,minimal/zip,,582800,bytes,50747547.0,ns,13
write,minimal/zip,,582800,bytes,52249691.0,ns,13
write,minimal/zip,,582800,bytes,50974761.0,ns,13
write,minimal/zip,,582800,bytes,50829423.0,ns,13
write,minimal/zip,,582800,bytes,51021080.0,ns,13
write,minimal/zip,,582800,bytes,50734222.0,ns,13
write,minimal/zip,,582800,bytes,52102260.0,ns,13
write,minimal/zip,,582800,bytes,52942993.0,ns,13
write,minimal/zip,,582800,bytes,50551233.0,ns,13
write,minimal/zip,,582800,bytes,50726557.0,ns,13
write,minimal/zip,,582800,bytes,51261036.0,ns,13
write,minimal/zip,,582800,bytes,50555101.0,ns,13
write,minimal/zip,,582800,bytes,50637989.0,ns,13
write,minimal/zip,,582800,bytes,50893024.0,ns,13
write,minimal/zip,,582800,bytes,50688445.0,ns,13
write,minimal/zip,,582800,bytes,50024869.0,ns,13
write,minimal/zip,,582800,bytes,50661434.0,ns,13
write,minimal/zip,,582800,bytes,50535003.0,ns,13
write,minimal/zip,,582800,bytes,51101152.0,ns,13
write,minimal/zip,,582800,bytes,51049934.0,ns,13
write,minimal/zip,,582800,bytes,50597772.0,ns,13
write,minimal/zip,,582800,bytes,50514083.0,ns,13
write,minimal/zip,,582800,bytes,50273915.0,ns,13
write,minimal/zip,,582800,bytes,50391729.0,ns,13
write,minimal/zip,,582800,bytes,51405853.0,ns,13
write,minimal/zip,,582800,bytes,50144097.0,ns,13
write,minimal/zip,,582800,bytes,53210705.0,ns,13
write,minimal/zip,,582800,bytes,52914258.0,ns,13
write,minimal/zip,,582800,bytes,51605033.0,ns,13
write,minimal/zip,,582800,bytes,51068299.0,ns,13
write,minimal/zip,,582800,bytes,49565133.0,ns,13
write,minimal/zip,,582800,bytes,49260643.0,ns,13
write,minimal/zip,,582800,bytes,49935749.0,ns,13
write,minimal/zip,,582800,bytes,49698919.0,ns,13
write,minimal/zip,,582800,bytes,49246555.0,ns,13
write,minimal/zip,,582800,bytes,49255142.0,ns,13
write,minimal/zip,,582800,bytes,49435466.0,ns,13
write,minimal/zip,,582800,bytes,49642821.0,ns,13
write,minimal/zip,,582800,bytes,50076678.0,ns,13
write,minimal/zip,,582800,bytes,49587646.0,ns,13
write,minimal/zip,,582800,bytes,49786776.0,ns,13
write,minimal/zip,,582800,bytes,49279548.0,ns,13
write,minimal/zip,,582800,bytes,48993804.0,ns,13
write,minimal/zip,,582800,bytes,50115542.0,ns,13
write,minimal/zip,,582800,bytes,49264600.0,ns,13
write,minimal/zip,,582800,bytes,49229884.0,ns,13
write,minimal/zip,,582800,bytes,53435122.0,ns,13
write,minimal/zip,,582800,bytes,50928763.0,ns,13
write,minimal/zip,,582800,bytes,50915508.0,ns,13
extract,rc_zip,first,1,elements,64517408.0,ns,2
extract,rc_zip,first,1,elements,63310887.0,ns,2
extract,rc_zip,first,1,elements,64321925.0,ns,2
extract,rc_zip,first,1,elements,65930962.0,ns,2
extract,rc_zip,first,1,elements,62374272.0,ns,2
extract,rc_zip,first,1,elements,62044102.0,ns,2
extract,rc_zip,first,1,elements,60965747.0,ns,2
extract,rc_zip,first,1,elements,61207697.0,ns,2
extract,rc_zip,first,1,elements,62129415.0,ns,2
extract,rc_zip,first,1,elements,63163837.0,ns,2
extract,rc_zip,first,1,elements,65797397.0,ns,2
extract,rc_zip,first,1,elements,63623212.0,ns,2
extract,rc_zip,first,1,elements,62206993.0,ns,2
extract,rc_zip,first,1,elements,62133703.0,ns,2
extract,rc_zip,first,1,elements,62208436.0,ns,2
extract,rc_zip,first,1,elements,61578505.0,ns,2
extract,rc_zip,first,1,elements,62070332.0,ns,2
extract,rc_zip,first,1,elements,61133086.0,ns,2
extract,rc_zip,first,1,elements,63041304.0,ns,2
extract,rc_zip,first,1,elements,62508308.0,ns,2
extract,rc_zip,first,1,elements,61324831.0,ns,2
extract,rc_zip,first,1,elements,61874449.0,ns,2
extract,rc_zip,first,1,elements,61079098.0,ns,2
extract,rc_zip,first,1,elements,60430386.0,ns,2
extract,rc_zip,first,1,elements,60939898.0,ns,2
extract,rc_zip,first,1,elements,63355673.0,ns,2
extract,rc_zip,first,1,elements,61208279.0,ns,2
extract,rc_zip,first,1,elements,61152212.0,ns,2
extract,rc_zip,first,1,elements,61999137.0,ns,2
extract,rc_zip,first,1,elements,60963843.0,ns,2
extract,rc_zip,first,1,elements,61362453.0,ns,2
extract,rc_zip,first,1,elements,61859120.0,ns,2
extract,rc_zip,first,1,elements,62289730.0,ns,2
extract,rc_zip,first,1,elements,60966888.0,ns,2
extract,rc_zip,first,1,elements,61515354.0,ns,2
extract,rc_zip,first,1,elements,62222413.0,ns,2
extract,rc_zip,first,1,elements,60696564.0,ns,2
extract,rc_zip,first,1,elements,60395961.0,ns,2
extract,rc_zip,first,1,elements,61583895.0,ns,2
extract,rc_zip,first,1,elements,61494274.0,ns,2
extract,rc_zip,first,1,elements,60707243.0,ns,2
extract,rc_zip,first,1,elements,61823883.0,ns,2
extract,rc_zip,first,1,elements,62012422.0,ns,2
extract,rc_zip,first,1,elements,60966188.0,ns,2
extract,rc_zip,first,1,elements,61681170.0,ns,2
extract,rc_zip,first,1,elements,61254988.0,ns,2
extract,rc_zip,first,1,elements,61060296.0,ns,2
extract,rc_zip,first,1,elements,61267903.0,ns,2
extract,rc_zip,first,1,elements,61791111.0,ns,2
extract,rc_zip,first,1,elements,61087619.0,ns,2
extract,rc_zip,first,1,elements,61134018.0,ns,2
extract,rc_zip,first,1,elements,62302235.0,ns,2
extract,rc_zip,first,1,elements,61112526.0,ns,2
extract,rc_zip,first,1,elements,60908347.0,ns,2
extract,rc_zip,first,1,elements,61006966.0,ns,2
extract,rc_zip,first,1,elements,60342788.0,ns,2
extract,rc_zip,first,1,elements,60618345.0,ns,2
extract,rc_zip,first,1,elements,61181578.0,ns,2
extract,rc_zip,first,1,elements,63498406.0,ns,2
extract,rc_zip,first,1,elements,60963643.0,ns,2
extract,rc_zip,first,1,elements,60826091.0,ns,2
extract,rc_zip,first,1,elements,61153876.0,ns,2
extract,rc_zip,first,1,elements,61809806.0,ns,2
extract,rc_zip,first,1,elements,61833742.0,ns,2
extract,rc_zip,first,1,elements,61006785.0,ns,2
extract,rc_zip,first,1,elements,62182286.0,ns,2
extract,rc_zip,first,1,elements,61383123.0,ns,2
extract,rc_zip,first,1,elements,62435939.0,ns,2
extract,rc_zip,first,1,elements,61224530.0,ns,2
extract,rc_zip,first,1,elements,60484209.0,ns,2
extract,rc_zip,first,1,elements,61117446.0,ns,2
extract,rc_zip,first,1,elements,60463329.0,ns,2
extract,rc_zip,first,1,elements,60722493.0,ns,2
extract,rc_zip,first,1,elements,60972459.0,ns,2
extract,rc_zip,first,1,elements,63440706.0,ns,2
extract,rc_zip,first,1,elements,60538202.0,ns,2
extract,rc_zip,first,1,elements,62396605.0,ns,2
extract,rc_zip,first,1,elements,61726638.0,ns,2
extract,rc_zip,first,1,elements,60899670.0,ns,2
extract,rc_zip,first,1,elements,61048815.0,ns,2
extract,rc_zip,first,1,elements,61679177.0,ns,2
extract,rc_zip,first,1,elements,60437390.0,ns,2
extract,rc_zip,first,1,elements,60881516.0,ns,2
extract,rc_zip,first,1,elements,61473005.0,ns,2
extract,rc_zip,first,1,elements,62233624.0,ns,2
extract,rc_zip,first,1,elements,61141051.0,ns,2
extract,rc_zip,first,1,elements,60815090.0,ns,2
extract,rc_zip,first,1,elements,64122675.0,ns,2
extract,rc_zip,first,1,elements,63996655.0,ns,2
extract,rc_zip,first,1,elements,62212945.0,ns,2
extract,rc_zip,first,1,elements,62427674.0,ns,2
extract,rc_zip,first,1,elements,62342963.0,ns,2
extract,rc_zip,first,1,elements,61051200.0,ns,2
extract,rc_zip,first,1,elements,61974911.0,ns,2
extract,rc_zip,first,1,elements,60546778.0,ns,2
extract,rc_zip,first,1,elements,60960056.0,ns,2
extract,rc_zip,first,1,elements,61888646.0,ns,2
extract,rc_zip,first,1,elements,60648893.0,ns,2
extract,rc_zip,first,1,elements,60868612.0,ns,2
extract,rc_zip,first,1,elements,61108840.0,ns,2
extract,rawzip_reader,all,1,elements,51095231.0,ns,17
extract,rawzip_reader,all,1,elements,50713784.0,ns,17
extract,rawzip_reader,all,1,elements,50259138.0,ns,17
extract,rawzip_reader,all,1,elements,49875406.0,ns,17
extract,rawzip_reader,all,1,elements,52138550.0,ns,17
extract,rawzip_reader,all,1,elements,50663548.0,ns,17
extract,rawzip_reader,all,1,elements,49883562.0,ns,17
extract,rawzip_reader,all,1,elements,50382263.0,ns,17
extract,rawzip_reader,all,1,elements,50741477.0,ns,17
extract,rawzip_reader,all,1,elements,50027556.0,ns,17
extract,rawzip_reader,all,1,elements,50161051.0,ns,17
extract,rawzip_reader,all,1,elements,50864051.0,ns,17
extract,rawzip_reader,all,1,elements,49842934.0,ns,17
extract,rawzip_reader,all,1,elements,51192698.0,ns,17
extract,rawzip_reader,all,1,elements,50210034.0,ns,17
extract,rawzip_reader,all,1,elements,49998110.0,ns,17
extract,rawzip_reader,all,1,elements,50156943.0,ns,17
extract,rawzip_reader,all,1,elements,51144676.0,ns,17
extract,rawzip_reader,all,1,elements,51143313.0,ns,17
extract,rawzip_reader,all,1,elements,50989890.0,ns,17
extract,rawzip_reader,all,1,elements,51724632.0,ns,17
extract,rawzip_reader,all,1,elements,51520643.0,ns,17
extract,rawzip_reader,all,1,elements,50812503.0,ns,17
extract,rawzip_reader,all,1,elements,50739774.0,ns,17
extract,rawzip_reader,all,1,elements,54094039.0,ns,17
extract,rawzip_reader,all,1,elements,51227854.0,ns,17
extract,rawzip_reader,all,1,elements,51040838.0,ns,17
extract,rawzip_reader,all,1,elements,51797640.0,ns,17
extract,rawzip_reader,all,1,elements,52124143.0,ns,17
extract,rawzip_reader,all,1,elements,51480846.0,ns,17
extract,rawzip_reader,all,1,elements,52386454.0,ns,17
extract,rawzip_reader,all,1,elements,52478659.0,ns,17
extract,rawzip_reader,all,1,elements,52467668.0,ns,17
extract,rawzip_reader,all,1,elements,51948939.0,ns,17
extract,rawzip_reader,all,1,elements,49745538.0,ns,17
extract,rawzip_reader,all,1,elements,49919430.0,ns,17
extract,rawzip_reader,all,1,elements,50192540.0,ns,17
extract,rawzip_reader,all,1,elements,49518175.0,ns,17
extract,rawzip_reader,all,1,elements,49572699.0,ns,17
extract,rawzip_reader,all,1,elements,49478230.0,ns,17
extract,rawzip_reader,all,1,elements,50323851.0,ns,17
extract,rawzip_reader,all,1,elements,50889689.0,ns,17
extract,rawzip_reader,all,1,elements,49524358.0,ns,17
extract,rawzip_reader,all,1,elements,49730670.0,ns,17
extract,rawzip_reader,all,1,elements,52023922.0,ns,17
extract,rawzip_reader,all,1,elements,50544612.0,ns,17
extract,rawzip_reader,all,1,elements,49498407.0,ns,17
extract,rawzip_reader,all,1,elements,49883471.0,ns,17
extract,rawzip_reader,all,1,elements,50030341.0,ns,17
extract,rawzip_reader,all,1,elements,50153115.0,ns,17
extract,rawzip_reader,all,1,elements,50798606.0,ns,17
extract,rawzip_reader,all,1,elements,50597583.0,ns,17
extract,rawzip_reader,all,1,elements,50901282.0,ns,17
extract,rawzip_reader,all,1,elements,51230971.0,ns,17
extract,rawzip_reader,all,1,elements,50641487.0,ns,17
extract,rawzip_reader,all,1,elements,50430485.0,ns,17
extract,rawzip_reader,all,1,elements,52097472.0,ns,17
extract,rawzip_reader,all,1,elements,52271223.0,ns,17
extract,rawzip_reader,all,1,elements,54056838.0,ns,17
extract,rawzip_reader,all,1,elements,52866679.0,ns,17
extract,rawzip_reader,all,1,elements,51995589.0,ns,17
extract,rawzip_reader,all,1,elements,50925909.0,ns,17
extract,rawzip_reader,all,1,elements,52761408.0,ns,17
extract,rawzip_reader,all,1,elements,52038380.0,ns,17
extract,rawzip_reader,all,1,elements,51311704.0,ns,17
extract,rawzip_reader,all,1,elements,49666358.0,ns,17
extract,rawzip_reader,all,1,elements,49972201.0,ns,17
extract,rawzip_reader,all,1,elements,50505798.0,ns,17
extract,rawzip_reader,all,1,elements,50328921.0,ns,17
extract,rawzip_reader,all,1,elements,49879393.0,ns,17
extract,rawzip_reader,all,1,elements,49785114.0,ns,17
extract,rawzip_reader,all,1,elements,49797077.0,ns,17
extract,rawzip_reader,all,1,elements,51016221.0,ns,17
extract,rawzip_reader,all,1,elements,50532850.0,ns,17
extract,rawzip_reader,all,1,elements,49575615.0,ns,17
extract,rawzip_reader,all,1,elements,50078173.0,ns,17
extract,rawzip_reader,all,1,elements,50655103.0,ns,17
extract,rawzip_reader,all,1,elements,49693089.0,ns,17
extract,rawzip_reader,all,1,elements,50645625.0,ns,17
extract,rawzip_reader,all,1,elements,50464179.0,ns,17
extract,rawzip_reader,all,1,elements,49939198.0,ns,17
extract,rawzip_reader,all,1,elements,50984922.0,ns,17
extract,rawzip_reader,all,1,elements,50924978.0,ns,17
extract,rawzip_reader,all,1,elements,51807440.0,ns,17
extract,rawzip_reader,all,1,elements,52597396.0,ns,17
extract,rawzip_reader,all,1,elements,50883108.0,ns,17
extract,rawzip_reader,all,1,elements,51048673.0,ns,17
extract,rawzip_reader,all,1,elements,53919726.0,ns,17
extract,rawzip_reader,all,1,elements,53619334.0,ns,17
extract,rawzip_reader,all,1,elements,51717147.0,ns,17
extract,rawzip_reader,all,1,elements,52476545.0,ns,17
extract,rawzip_reader,all,1,elements,53440919.0,ns,17
extract,rawzip_reader,all,1,elements,52204828.0,ns,17
extract,rawzip_reader,all,1,elements,50982717.0,ns,17
extract,rawzip_reader,all,1,elements,50675471.0,ns,17
extract,rawzip_reader,all,1,elements,51459036.0,ns,17
extract,rawzip_reader,all,1,elements,50786073.0,ns,17
extract,rawzip_reader,all,1,elements,49755648.0,ns,17
extract,rawzip_reader,all,1,elements,49890405.0,ns,17
extract,rawzip_reader,all,1,elements,49639928.0,ns,17
extract,rawzip_reader,first,1,elements,959039.0,ns,972
extract,rawzip_reader,first,1,elements,1917205.0,ns,1944
extract,rawzip_reader,first,1,elements,2946277.0,ns,2916
extract,rawzip_reader,first,1,elements,3976801.0,ns,3888
extract,rawzip_reader,first,1,elements,4960396.0,ns,4860
extract,rawzip_reader,first,1,elements,5801900.0,ns,5832
extract,rawzip_reader,first,1,elements,6874596.0,ns,6804
extract,rawzip_reader,first,1,elements,7708616.0,ns,7776
extract,rawzip_reader,first,1,elements,8879728.0,ns,8748
extract,rawzip_reader,first,1,elements,9731272.0,ns,9720
extract,rawzip_reader,first,1,elements,10854653.0,ns,10692
extract,rawzip_reader,first,1,elements,11775509.0,ns,11664
extract,rawzip_reader,first,1,elements,13922282.0,ns,12636
extract,rawzip_reader,first,1,elements,14615884.0,ns,13608
extract,rawzip_reader,first,1,elements,15771136.0,ns,14580
extract,rawzip_reader,first,1,elements,16891773.0,ns,15552
extract,rawzip_reader,first,1,elements,17709702.0,ns,16524
extract,rawzip_reader,first,1,elements,17821696.0,ns,17496
extract,rawzip_reader,first,1,elements,18606060.0,ns,18468
extract,rawzip_reader,first,1,elements,19664348.0,ns,19440
extract,rawzip_reader,first,1,elements,20924620.0,ns,20412
extract,rawzip_reader,first,1,elements,21800481.0,ns,21384
extract,rawzip_reader,first,1,elements,22764499.0,ns,22356
extract,rawzip_reader,first,1,elements,23419557.0,ns,23328
extract,rawzip_reader,first,1,elements,24988378.0,ns,24300
extract,rawzip_reader,first,1,elements,25587279.0,ns,25272
extract,rawzip_reader,first,1,elements,26508696.0,ns,26244
extract,rawzip_reader,first,1,elements,27265880.0,ns,27216
extract,rawzip_reader,first,1,elements,28708620.0,ns,28188
extract,rawzip_reader,first,1,elements,29963793.0,ns,29160
extract,rawzip_reader,first,1,elements,30282771.0,ns,30132
extract,rawzip_reader,first,1,elements,31241258.0,ns,31104
extract,rawzip_reader,first,1,elements,32395378.0,ns,32076
extract,rawzip_reader,first,1,elements,33498271.0,ns,33048
extract,rawzip_reader,first,1,elements,34117562.0,ns,34020
extract,rawzip_reader,first,1,elements,36246991.0,ns,34992
extract,rawzip_reader,first,1,elements,37140053.0,ns,35964
extract,rawzip_reader,first,1,elements,37173167.0,ns,36936
extract,rawzip_reader,first,1,elements,39015489.0,ns,37908
extract,rawzip_reader,first,1,elements,39490374.0,ns,38880
extract,rawzip_reader,first,1,elements,39894314.0,ns,39852
extract,rawzip_reader,first,1,elements,41206046.0,ns,40824
extract,rawzip_reader,first,1,elements,42353373.0,ns,41796
extract,rawzip_reader,first,1,elements,43026716.0,ns,42768
extract,rawzip_reader,first,1,elements,44127484.0,ns,43740
extract,rawzip_reader,first,1,elements,44699355.0,ns,44712
extract,rawzip_reader,first,1,elements,48758623.0,ns,45684
extract,rawzip_reader,first,1,elements,47736264.0,ns,46656
extract,rawzip_reader,first,1,elements,48327381.0,ns,47628
extract,rawzip_reader,first,1,elements,48996537.0,ns,48600
extract,rawzip_reader,first,1,elements,50083038.0,ns,49572
extract,rawzip_reader,first,1,elements,51403215.0,ns,50544
extract,rawzip_reader,first,1,elements,51641930.0,ns,51516
extract,rawzip_reader,first,1,elements,53152019.0,ns,52488
extract,rawzip_reader,first,1,elements,53548836.0,ns,53460
extract,rawzip_reader,first,1,elements,54910191.0,ns,54432
extract,rawzip_reader,first,1,elements,55865692.0,ns,55404
extract,rawzip_reader,first,1,elements,56710302.0,ns,56376
extract,rawzip_reader,first,1,elements,57448980.0,ns,57348
extract,rawzip_reader,first,1,elements,59997329.0,ns,58320
extract,rawzip_reader,first,1,elements,59982711.0,ns,59292
extract,rawzip_reader,first,1,elements,61095512.0,ns,60264
extract,rawzip_reader,first,1,elements,62454323.0,ns,61236
extract,rawzip_reader,first,1,elements,62766859.0,ns,62208
extract,rawzip_reader,first,1,elements,66404754.0,ns,63180
extract,rawzip_reader,first,1,elements,65144101.0,ns,64152
extract,rawzip_reader,first,1,elements,66972205.0,ns,65124
extract,rawzip_reader,first,1,elements,66522979.0,ns,66096
extract,rawzip_reader,first,1,elements,68307622.0,ns,67068
extract,rawzip_reader,first,1,elements,68802165.0,ns,68040
extract,rawzip_reader,first,1,elements,70199338.0,ns,69012
extract,rawzip_reader,first,1,elements,70764646.0,ns,69984
extract,rawzip_reader,first,1,elements,71522791.0,ns,70956
extract,rawzip_reader,first,1,elements,72469296.0,ns,71928
extract,rawzip_reader,first,1,elements,76864715.0,ns,72900
extract,rawzip_reader,first,1,elements,75404095.0,ns,73872
extract,rawzip_reader,first,1,elements,76926372.0,ns,74844
extract,rawzip_reader,first,1,elements,77513271.0,ns,75816
extract,rawzip_reader,first,1,elements,79861447.0,ns,76788
extract,rawzip_reader,first,1,elements,79015325.0,ns,77760
extract,rawzip_reader,first,1,elements,80363284.0,ns,78732
extract,rawzip_reader,first,1,elements,81339566.0,ns,79704
extract,rawzip_reader,first,1,elements,81447823.0,ns,80676
extract,rawzip_reader,first,1,elements,83326042.0,ns,81648
extract,rawzip_reader,first,1,elements,84002161.0,ns,82620
extract,rawzip_reader,first,1,elements,83935735.0,ns,83592
extract,rawzip_reader,first,1,elements,86351180.0,ns,84564
extract,rawzip_reader,first,1,elements,87971218.0,ns,85536
extract,rawzip_reader,first,1,elements,89766230.0,ns,86508
extract,rawzip_reader,first,1,elements,89319159.0,ns,87480
extract,rawzip_reader,first,1,elements,92157019.0,ns,88452
extract,rawzip_reader,first,1,elements,90337629.0,ns,89424
extract,rawzip_reader,first,1,elements,91929925.0,ns,90396
extract,rawzip_reader,first,1,elements,92835933.0,ns,91368
extract,rawzip_reader,first,1,elements,93751598.0,ns,92340
extract,rawzip_reader,first,1,elements,94716949.0,ns,93312
extract,rawzip_reader,first,1,elements,95768282.0,ns,94284
extract,rawzip_reader,first,1,elements,96653060.0,ns,95256
extract,rawzip_reader,first,1,elements,97367401.0,ns,96228
extract,rawzip_reader,first,1,elements,99233469.0,ns,97200
extract,rawzip_slice,all,1,elements,1591965.0,ns,2
extract,rawzip_slice,all,1,elements,3051818.0,ns,4
extract,rawzip_slice,all,1,elements,4597865.0,ns,6
extract,rawzip_slice,all,1,elements,6080793.0,ns,8
extract,rawzip_slice,all,1,elements,7540696.0,ns,10
extract,rawzip_slice,all,1,elements,9192355.0,ns,12
extract,rawzip_slice,all,1,elements,10965294.0,ns,14
extract,rawzip_slice,all,1,elements,12538564.0,ns,16
extract,rawzip_slice,all,1,elements,13947591.0,ns,18
extract,rawzip_slice,all,1,elements,15357528.0,ns,20
extract,rawzip_slice,all,1,elements,16404064.0,ns,22
extract,rawzip_slice,all,1,elements,18351516.0,ns,24
extract,rawzip_slice,all,1,elements,19664420.0,ns,26
extract,rawzip_slice,all,1,elements,21350513.0,ns,28
extract,rawzip_slice,all,1,elements,22966655.0,ns,30
extract,rawzip_slice,all,1,elements,24577465.0,ns,32
extract,rawzip_slice,all,1,elements,26668623.0,ns,34
extract,rawzip_slice,all,1,elements,26980166.0,ns,36
extract,rawzip_slice,all,1,elements,28293090.0,ns,38
extract,rawzip_slice,all,1,elements,29657981.0,ns,40
extract,rawzip_slice,all,1,elements,31674266.0,ns,42
extract,rawzip_slice,all,1,elements,33401669.0,ns,44
extract,rawzip_slice,all,1,elements,34752895.0,ns,46
extract,rawzip_slice,all,1,elements,36664449.0,ns,48
extract,rawzip_slice,all,1,elements,37412655.0,ns,50
extract,rawzip_slice,all,1,elements,38756938.0,ns,52
extract,rawzip_slice,all,1,elements,40046116.0,ns,54
extract,rawzip_slice,all,1,elements,42447975.0,ns,56
extract,rawzip_slice,all,1,elements,43397436.0,ns,58
extract,rawzip_slice,all,1,elements,44964993.0,ns,60
extract,rawzip_slice,all,1,elements,47331124.0,ns,62
extract,rawzip_slice,all,1,elements,49611453.0,ns,64
extract,rawzip_slice,all,1,elements,49983692.0,ns,66
extract,rawzip_slice,all,1,elements,51404710.0,ns,68
extract,rawzip_slice,all,1,elements,53827069.0,ns,70
extract,rawzip_slice,all,1,elements,57020367.0,ns,72
extract,rawzip_slice,all,1,elements,56717810.0,ns,74
extract,rawzip_slice,all,1,elements,56782683.0,ns,76
extract,rawzip_slice,all,1,elements,60992851.0,ns,78
extract,rawzip_slice,all,1,elements,60661107.0,ns,80
extract,rawzip_slice,all,1,elements,61855074.0,ns,82
extract,rawzip_slice,all,1,elements,63672970.0,ns,84
extract,rawzip_slice,all,1,elements,65853927.0,ns,86
extract,rawzip_slice,all,1,elements,66642040.0,ns,88
extract,rawzip_slice,all,1,elements,67572964.0,ns,90
extract,rawzip_slice,all,1,elements,70605727.0,ns,92
extract,rawzip_slice,all,1,elements,70892955.0,ns,94
extract,rawzip_slice,all,1,elements,72031735.0,ns,96
extract,rawzip_slice,all,1,elements,75026315.0,ns,98
extract,rawzip_slice,all,1,elements,76336523.0,ns,100
extract,rawzip_slice,all,1,elements,82274603.0,ns,102
extract,rawzip_slice,all,1,elements,78925999.0,ns,104
extract,rawzip_slice,all,1,elements,80542500.0,ns,106
extract,rawzip_slice,all,1,elements,82279322.0,ns,108
extract,rawzip_slice,all,1,elements,84892224.0,ns,110
extract,rawzip_slice,all,1,elements,84108960.0,ns,112
extract,rawzip_slice,all,1,elements,86067614.0,ns,114
extract,rawzip_slice,all,1,elements,87868307.0,ns,116
extract,rawzip_slice,all,1,elements,89534243.0,ns,118
extract,rawzip_slice,all,1,elements,89717943.0,ns,120
extract,rawzip_slice,all,1,elements,91765447.0,ns,122
extract,rawzip_slice,all,1,elements,96139877.0,ns,124
extract,rawzip_slice,all,1,elements,99694393.0,ns,126
extract,rawzip_slice,all,1,elements,98180487.0,ns,128
extract,rawzip_slice,all,1,elements,102659456.0,ns,130
extract,rawzip_slice,all,1,elements,129746286.0,ns,132
extract,rawzip_slice,all,1,elements,132979339.0,ns,134
extract,rawzip_slice,all,1,elements,133188909.0,ns,136
extract,rawzip_slice,all,1,elements,133964588.0,ns,138
extract,rawzip_slice,all,1,elements,136826294.0,ns,140
extract,rawzip_slice,all,1,elements,141536224.0,ns,142
extract,rawzip_slice,all,1,elements,143313281.0,ns,144
extract,rawzip_slice,all,1,elements,144051037.0,ns,146
extract,rawzip_slice,all,1,elements,146830546.0,ns,148
extract,rawzip_slice,all,1,elements,148108313.0,ns,150
extract,rawzip_slice,all,1,elements,148936061.0,ns,152
extract,rawzip_slice,all,1,elements,151447158.0,ns,154
extract,rawzip_slice,all,1,elements,154527340.0,ns,156
extract,rawzip_slice,all,1,elements,154266393.0,ns,158
extract,rawzip_slice,all,1,elements,156617435.0,ns,160
extract,rawzip_slice,all,1,elements,161265646.0,ns,162
extract,rawzip_slice,all,1,elements,123075990.0,ns,164
extract,rawzip_slice,all,1,elements,124337284.0,ns,166
extract,rawzip_slice,all,1,elements,127099560.0,ns,168
extract,rawzip_slice,all,1,elements,129841799.0,ns,170
extract,rawzip_slice,all,1,elements,131152558.0,ns,172
extract,rawzip_slice,all,1,elements,129942049.0,ns,174
extract,rawzip_slice,all,1,elements,133242392.0,ns,176
extract,rawzip_slice,all,1,elements,134490231.0,ns,178
extract,rawzip_slice,all,1,elements,133766010.0,ns,180
extract,rawzip_slice,all,1,elements,136632264.0,ns,182
extract,rawzip_slice,all,1,elements,141424401.0,ns,184
extract,rawzip_slice,all,1,elements,139578551.0,ns,186
extract,rawzip_slice,all,1,elements,142112602.0,ns,188
extract,rawzip_slice,all,1,elements,144697821.0,ns,190
extract,rawzip_slice,all,1,elements,146848030.0,ns,192
extract,rawzip_slice,all,1,elements,144382030.0,ns,194
extract,rawzip_slice,all,1,elements,146234181.0,ns,196
extract,rawzip_slice,all,1,elements,150725302.0,ns,198
extract,rawzip_slice,all,1,elements,148630929.0,ns,200
extract,rawzip_slice,first,1,elements,1002361.0,ns,45772
extract,rawzip_slice,first,1,elements,2013048.0,ns,91544
extract,rawzip_slice,first,1,elements,3056677.0,ns,137316
extract,rawzip_slice,first,1,elements,4176472.0,ns,183088
extract,rawzip_slice,first,1,elements,5262212.0,ns,228860
extract,rawzip_slice,first,1,elements,6149754.0,ns,274632
extract,rawzip_slice,first,1,elements,7150321.0,ns,320404
extract,rawzip_slice,first,1,elements,8024368.0,ns,366176
extract,rawzip_slice,first,1,elements,9114425.0,ns,411948
extract,rawzip_slice,first,1,elements,10169978.0,ns,457720
extract,rawzip_slice,first,1,elements,11111804.0,ns,503492
extract,rawzip_slice,first,1,elements,12156836.0,ns,549264
extract,rawzip_slice,first,1,elements,13115313.0,ns,595036
extract,rawzip_slice,first,1,elements,14089881.0,ns,640808
extract,rawzip_slice,first,1,elements,15197112.0,ns,686580
extract,rawzip_slice,first,1,elements,16136302.0,ns,732352
extract,rawzip_slice,first,1,elements,18302822.0,ns,778124
extract,rawzip_slice,first,1,elements,18149220.0,ns,823896
extract,rawzip_slice,first,1,elements,19926277.0,ns,869668
extract,rawzip_slice,first,1,elements,20553372.0,ns,915440
extract,rawzip_slice,first,1,elements,21802063.0,ns,961212
extract,rawzip_slice,first,1,elements,22307887.0,ns,1006984
extract,rawzip_slice,first,1,elements,23316460.0,ns,1052756
extract,rawzip_slice,first,1,elements,24489937.0,ns,1098528
extract,rawzip_slice,first,1,elements,25228505.0,ns,1144300
extract,rawzip_slice,first,1,elements,26447800.0,ns,1190072
extract,rawzip_slice,first,1,elements,27306416.0,ns,1235844
extract,rawzip_slice,first,1,elements,28367399.0,ns,1281616
extract,rawzip_slice,first,1,elements,29328111.0,ns,1327388
extract,rawzip_slice,first,1,elements,30294984.0,ns,1373160
extract,rawzip_slice,first,1,elements,31448272.0,ns,1418932
extract,rawzip_slice,first,1,elements,32261152.0,ns,1464704
extract,rawzip_slice,first,1,elements,33518318.0,ns,1510476
extract,rawzip_slice,first,1,elements,33265827.0,ns,1556248
extract,rawzip_slice,first,1,elements,34973342.0,ns,1602020
extract,rawzip_slice,first,1,elements,35621438.0,ns,1647792
extract,rawzip_slice,first,1,elements,36450589.0,ns,1693564
extract,rawzip_slice,first,1,elements,37190760.0,ns,1739336
extract,rawzip_slice,first,1,elements,38185185.0,ns,1785108
extract,rawzip_slice,first,1,elements,39452632.0,ns,1830880
extract,rawzip_slice,first,1,elements,40138730.0,ns,1876652
extract,rawzip_slice,first,1,elements,41054415.0,ns,1922424
extract,rawzip_slice,first,1,elements,44142252.0,ns,1968196
extract,rawzip_slice,first,1,elements,43533542.0,ns,2013968
extract,rawzip_slice,first,1,elements,44305724.0,ns,2059740
extract,rawzip_slice,first,1,elements,44868797.0,ns,2105512
extract,rawzip_slice,first,1,elements,45920542.0,ns,2151284
extract,rawzip_slice,first,1,elements,46910068.0,ns,2197056
extract,rawzip_slice,first,1,elements,48566957.0,ns,2242828
extract,rawzip_slice,first,1,elements,49001204.0,ns,2288600
extract,rawzip_slice,first,1,elements,49779909.0,ns,2334372
extract,rawzip_slice,first,1,elements,50789154.0,ns,2380144
extract,rawzip_slice,first,1,elements,51885072.0,ns,2425916
extract,rawzip_slice,first,1,elements,52723822.0,ns,2471688
extract,rawzip_slice,first,1,elements,53631122.0,ns,2517460
extract,rawzip_slice,first,1,elements,54773970.0,ns,2563232
extract,rawzip_slice,first,1,elements,56696325.0,ns,2609004
extract,rawzip_slice,first,1,elements,57104313.0,ns,2654776
extract,rawzip_slice,first,1,elements,57588094.0,ns,2700548
extract,rawzip_slice,first,1,elements,58789956.0,ns,2746320
extract,rawzip_slice,first,1,elements,61818871.0,ns,2792092
extract,rawzip_slice,first,1,elements,61377108.0,ns,2837864
extract,rawzip_slice,first,1,elements,63171539.0,ns,2883636
extract,rawzip_slice,first,1,elements,63156320.0,ns,2929408
extract,rawzip_slice,first,1,elements,63676982.0,ns,2975180
extract,rawzip_slice,first,1,elements,71830617.0,ns,3020952
extract,rawzip_slice,first,1,elements,72811447.0,ns,3066724
extract,rawzip_slice,first,1,elements,73903298.0,ns,3112496
extract,rawzip_slice,first,1,elements,74976303.0,ns,3158268
extract,rawzip_slice,first,1,elements,76671175.0,ns,3204040
extract,rawzip_slice,first,1,elements,77197017.0,ns,3249812
extract,rawzip_slice,first,1,elements,79106718.0,ns,3295584
extract,rawzip_slice,first,1,elements,79615428.0,ns,3341356
extract,rawzip_slice,first,1,elements,80671791.0,ns,3387128
extract,rawzip_slice,first,1,elements,81541019.0,ns,3432900
extract,rawzip_slice,first,1,elements,85116825.0,ns,3478672
extract,rawzip_slice,first,1,elements,84229474.0,ns,3524444
extract,rawzip_slice,first,1,elements,85266856.0,ns,3570216
extract,rawzip_slice,first,1,elements,86619821.0,ns,3615988
extract,rawzip_slice,first,1,elements,86978615.0,ns,3661760
extract,rawzip_slice,first,1,elements,88718572.0,ns,3707532
extract,rawzip_slice,first,1,elements,80413228.0,ns,3753304
extract,rawzip_slice,first,1,elements,81645058.0,ns,3799076
extract,rawzip_slice,first,1,elements,83416424.0,ns,3844848
extract,rawzip_slice,first,1,elements,83836114.0,ns,3890620
extract,rawzip_slice,first,1,elements,84154281.0,ns,3936392
extract,rawzip_slice,first,1,elements,85595648.0,ns,3982164
extract,rawzip_slice,first,1,elements,88248857.0,ns,4027936
extract,rawzip_slice,first,1,elements,87597164.0,ns,4073708
extract,rawzip_slice,first,1,elements,92844978.0,ns,4119480
extract,rawzip_slice,first,1,elements,92870607.0,ns,4165252
extract,rawzip_slice,first,1,elements,92199788.0,ns,4211024
extract,rawzip_slice,first,1,elements,91410214.0,ns,4256796
extract,rawzip_slice,first,1,elements,91809394.0,ns,4302568
extract,rawzip_slice,first,1,elements,93640535.0,ns,4348340
extract,rawzip_slice,first,1,elements,94213768.0,ns,4394112
extract,rawzip_slice,first,1,elements,96093231.0,ns,4439884
extract,rawzip_slice,first,1,elements,96741477.0,ns,4485656
extract,rawzip_slice,first,1,elements,99970703.0,ns,4531428
extract,rawzip_slice,first,1,elements,97928460.0,ns,4577200
extract,zip,all,1,elements,54703381.0,ns,1
extract,zip,all,1,elements,53480820.0,ns,1
extract,zip,all,1,elements,53296780.0,ns,1
extract,zip,all,1,elements,53148958.0,ns,1
extract,zip,all,1,elements,53264368.0,ns,1
extract,zip,all,1,elements,55219444.0,ns,1
extract,zip,all,1,elements,55280752.0,ns,1
extract,zip,all,1,elements,55500541.0,ns,1
extract,zip,all,1,elements,53807172.0,ns,1
extract,zip,all,1,elements,54048993.0,ns,1
extract,zip,all,1,elements,55004405.0,ns,1
extract,zip,all,1,elements,53692453.0,ns,1
extract,zip,all,1,elements,53861456.0,ns,1
extract,zip,all,1,elements,53670422.0,ns,1
extract,zip,all,1,elements,54491467.0,ns,1
extract,zip,all,1,elements,55218754.0,ns,1
extract,zip,all,1,elements,54036029.0,ns,1
extract,zip,all,1,elements,54185093.0,ns,1
extract,zip,all,1,elements,54222084.0,ns,1
extract,zip,all,1,elements,53485990.0,ns,1
extract,zip,all,1,elements,55136608.0,ns,1
extract,zip,all,1,elements,54841885.0,ns,1
extract,zip,all,1,elements,53972128.0,ns,1
extract,zip,all,1,elements,53066670.0,ns,1
extract,zip,all,1,elements,54017083.0,ns,1
extract,zip,all,1,elements,57065424.0,ns,1
extract,zip,all,1,elements,54012244.0,ns,1
extract,zip,all,1,elements,53284756.0,ns,1
extract,zip,all,1,elements,54105742.0,ns,1
extract,zip,all,1,elements,54085282.0,ns,1
extract,zip,all,1,elements,55680695.0,ns,1
extract,zip,all,1,elements,53215574.0,ns,1
extract,zip,all,1,elements,53281080.0,ns,1
extract,zip,all,1,elements,53852067.0,ns,1
extract,zip,all,1,elements,53191980.0,ns,1
extract,zip,all,1,elements,54312896.0,ns,1
extract,zip,all,1,elements,54406555.0,ns,1
extract,zip,all,1,elements,53204764.0,ns,1
extract,zip,all,1,elements,53153476.0,ns,1
extract,zip,all,1,elements,53583116.0,ns,1
extract,zip,all,1,elements,54339478.0,ns,1
extract,zip,all,1,elements,53462696.0,ns,1
extract,zip,all,1,elements,55528444.0,ns,1
extract,zip,all,1,elements,54170145.0,ns,1
extract,zip,all,1,elements,56279516.0,ns,1
extract,zip,all,1,elements,55310579.0,ns,1
extract,zip,all,1,elements,54507668.0,ns,1
extract,zip,all,1,elements,54265506.0,ns,1
extract,zip,all,1,elements,54306485.0,ns,1
extract,zip,all,1,elements,53922062.0,ns,1
extract,zip,all,1,elements,53828393.0,ns,1
extract,zip,all,1,elements,55345746.0,ns,1
extract,zip,all,1,elements,53514204.0,ns,1
extract,zip,all,1,elements,53717312.0,ns,1
extract,zip,all,1,elements,53678197.0,ns,1
extract,zip,all,1,elements,54520643.0,ns,1
extract,zip,all,1,elements,53756787.0,ns,1
extract,zip,all,1,elements,54701858.0,ns,1
extract,zip,all,1,elements,53681954.0,ns,1
extract,zip,all,1,elements,53298242.0,ns,1
extract,zip,all,1,elements,54649458.0,ns,1
extract,zip,all,1,elements,53266432.0,ns,1
extract,zip,all,1,elements,55329124.0,ns,1
extract,zip,all,1,elements,52900093.0,ns,1
extract,zip,all,1,elements,52736291.0,ns,1
extract,zip,all,1,elements,53423331.0,ns,1
extract,zip,all,1,elements,54460869.0,ns,1
extract,zip,all,1,elements,54217715.0,ns,1
extract,zip,all,1,elements,53072923.0,ns,1
extract,zip,all,1,elements,53827481.0,ns,1
extract,zip,all,1,elements,55389690.0,ns,1
extract,zip,all,1,elements,53823423.0,ns,1
extract,zip,all,1,elements,52737724.0,ns,1
extract,zip,all,1,elements,53234280.0,ns,1
extract,zip,all,1,elements,53463888.0,ns,1
extract,zip,all,1,elements,55153770.0,ns,1
extract,zip,all,1,elements,53584769.0,ns,1
extract,zip,all,1,elements,53451104.0,ns,1
extract,zip,all,1,elements,52855368.0,ns,1
extract,zip,all,1,elements,54877143.0,ns,1
extract,zip,all,1,elements,54226913.0,ns,1
extract,zip,all,1,elements,56243518.0,ns,1
extract,zip,all,1,elements,53464369.0,ns,1
extract,zip,all,1,elements,53321116.0,ns,1
extract,zip,all,1,elements,53622450.0,ns,1
extract,zip,all,1,elements,54695186.0,ns,1
extract,zip,all,1,elements,53851517.0,ns,1
extract,zip,all,1,elements,53682405.0,ns,1
extract,zip,all,1,elements,54136210.0,ns,1
extract,zip,all,1,elements,54366319.0,ns,1
extract,zip,all,1,elements,53165599.0,ns,1
extract,zip,all,1,elements,54134497.0,ns,1
extract,zip,all,1,elements,53582204.0,ns,1
extract,zip,all,1,elements,52787579.0,ns,1
extract,zip,all,1,elements,53334291.0,ns,1
extract,zip,all,1,elements,53633983.0,ns,1
extract,zip,all,1,elements,53905921.0,ns,1
extract,zip,all,1,elements,53795681.0,ns,1
extract,zip,all,1,elements,58152808.0,ns,1
extract,zip,all,1,elements,55328664.0,ns,1
extract,zip,first,1,elements,66244399.0,ns,1
extract,zip,first,1,elements,48831913.0,ns,1
extract,zip,first,1,elements,67262160.0,ns,1
extract,zip,first,1,elements,44683455.0,ns,1
extract,zip,first,1,elements,47219550.0,ns,1
extract,zip,first,1,elements,48854006.0,ns,1
extract,zip,first,1,elements,66633520.0,ns,1
extract,zip,first,1,elements,49016796.0,ns,1
extract,zip,first,1,elements,67027251.0,ns,1
extract,zip,first,1,elements,47989728.0,ns,1
extract,zip,first,1,elements,68554183.0,ns,1
extract,zip,first,1,elements,47928341.0,ns,1
extract,zip,first,1,elements,67408278.0,ns,1
extract,zip,first,1,elements,48766519.0,ns,1
extract,zip,first,1,elements,65616282.0,ns,1
extract,zip,first,1,elements,48893551.0,ns,1
extract,zip,first,1,elements,66907122.0,ns,1
extract,zip,first,1,elements,48423314.0,ns,1
extract,zip,first,1,elements,67068700.0,ns,1
extract,zip,first,1,elements,44367783.0,ns,1
extract,zip,first,1,elements,44011524.0,ns,1
extract,zip,first,1,elements,44401377.0,ns,1
extract,zip,first,1,elements,46518613.0,ns,1
extract,zip,first,1,elements,49927582.0,ns,1
extract,zip,first,1,elements,66440002.0,ns,1
extract,zip,first,1,elements,49263236.0,ns,1
extract,zip,first,1,elements,67610904.0,ns,1
extract,zip,first,1,elements,48081102.0,ns,1
extract,zip,first,1,elements,67430140.0,ns,1
extract,zip,first,1,elements,48228122.0,ns,1
extract,zip,first,1,elements,67532915.0,ns,1
extract,zip,first,1,elements,44577814.0,ns,1
extract,zip,first,1,elements,43399358.0,ns,1
extract,zip,first,1,elements,44215302.0,ns,1
extract,zip,first,1,elements,45500072.0,ns,1
extract,zip,first,1,elements,48465656.0,ns,1
extract,zip,first,1,elements,67364214.0,ns,1
extract,zip,first,1,elements,48075341.0,ns,1
extract,zip,first,1,elements,67810154.0,ns,1
extract,zip,first,1,elements,43737592.0,ns,1
extract,zip,first,1,elements,43567747.0,ns,1
extract,zip,first,1,elements,46445665.0,ns,1
extract,zip,first,1,elements,47143625.0,ns,1
extract,zip,first,1,elements,48328655.0,ns,1
extract,zip,first,1,elements,70018674.0,ns,1
extract,zip,first,1,elements,48784433.0,ns,1
extract,zip,first,1,elements,67765068.0,ns,1
extract,zip,first,1,elements,43715179.0,ns,1
extract,zip,first,1,elements,44061399.0,ns,1
extract,zip,first,1,elements,49377594.0,ns,1
extract,zip,first,1,elements,66975633.0,ns,1
extract,zip,first,1,elements,47549870.0,ns,1
extract,zip,first,1,elements,66045049.0,ns,1
extract,zip,first,1,elements,48548814.0,ns,1
extract,zip,first,1,elements,66911430.0,ns,1
extract,zip,first,1,elements,48003525.0,ns,1
extract,zip,first,1,elements,69257684.0,ns,1
extract,zip,first,1,elements,48603238.0,ns,1
extract,zip,first,1,elements,65898860.0,ns,1
extract,zip,first,1,elements,49881134.0,ns,1
extract,zip,first,1,elements,68599269.0,ns,1
extract,zip,first,1,elements,48010658.0,ns,1
extract,zip,first,1,elements,66918624.0,ns,1
extract,zip,first,1,elements,44479195.0,ns,1
extract,zip,first,1,elements,44276900.0,ns,1
extract,zip,first,1,elements,44005622.0,ns,1
extract,zip,first,1,elements,43344322.0,ns,1
extract,zip,first,1,elements,48855750.0,ns,1
extract,zip,first,1,elements,68038189.0,ns,1
extract,zip,first,1,elements,49465081.0,ns,1
extract,zip,first,1,elements,66584818.0,ns,1
extract,zip,first,1,elements,49435074.0,ns,1
extract,zip,first,1,elements,67027251.0,ns,1
extract,zip,first,1,elements,47824945.0,ns,1
extract,zip,first,1,elements,67323377.0,ns,1
extract,zip,first,1,elements,44213329.0,ns,1
extract,zip,first,1,elements,43381323.0,ns,1
extract,zip,first,1,elements,44903735.0,ns,1
extract,zip,first,1,elements,44760823.0,ns,1
extract,zip,first,1,elements,50323447.0,ns,1
extract,zip,first,1,elements,67990494.0,ns,1
extract,zip,first,1,elements,48774995.0,ns,1
extract,zip,first,1,elements,67172098.0,ns,1
extract,zip,first,1,elements,43786165.0,ns,1
extract,zip,first,1,elements,44296437.0,ns,1
extract,zip,first,1,elements,45155655.0,ns,1
extract,zip,first,1,elements,47315102.0,ns,1
extract,zip,first,1,elements,47711297.0,ns,1
extract,zip,first,1,elements,75058913.0,ns,1
extract,zip,first,1,elements,50472200.0,ns,1
extract,zip,first,1,elements,67948769.0,ns,1
extract,zip,first,1,elements,43514647.0,ns,1
extract,zip,first,1,elements,44039557.0,ns,1
extract,zip,first,1,elements,48990186.0,ns,1
extract,zip,first,1,elements,67067529.0,ns,1
extract,zip,first,1,elements,48710332.0,ns,1
extract,zip,first,1,elements,70561429.0,ns,1
extract,zip,first,1,elements,49166812.0,ns,1
extract,zip,first,1,elements,69443307.0,ns,1
extract,zip,first,1,elements,49121436.0,ns,1
extract,async_zip,all,1,elements,88525682.0,ns,2
extract,async_zip,all,1,elements,86255505.0,ns,2
extract,async_zip,all,1,elements,87891614.0,ns,2
extract,async_zip,all,1,elements,85985333.0,ns,2
extract,async_zip,all,1,elements,86699712.0,ns,2
extract,async_zip,all,1,elements,85620864.0,ns,2
extract,async_zip,all,1,elements,86333503.0,ns,2
extract,async_zip,all,1,elements,84738942.0,ns,2
extract,async_zip,all,1,elements,85254816.0,ns,2
extract,async_zip,all,1,elements,87050701.0,ns,2
extract,async_zip,all,1,elements,86666127.0,ns,2
extract,async_zip,all,1,elements,86152307.0,ns,2
extract,async_zip,all,1,elements,88171627.0,ns,2
extract,async_zip,all,1,elements,85920485.0,ns,2
extract,async_zip,all,1,elements,88888894.0,ns,2
extract,async_zip,all,1,elements,84566825.0,ns,2
extract,async_zip,all,1,elements,86483339.0,ns,2
extract,async_zip,all,1,elements,85698342.0,ns,2
extract,async_zip,all,1,elements,85240569.0,ns,2
extract,async_zip,all,1,elements,87168696.0,ns,2
extract,async_zip,all,1,elements,86127811.0,ns,2
extract,async_zip,all,1,elements,85902321.0,ns,2
extract,async_zip,all,1,elements,84919898.0,ns,2
extract,async_zip,all,1,elements,88157631.0,ns,2
extract,async_zip,all,1,elements,88099710.0,ns,2
extract,async_zip,all,1,elements,86462078.0,ns,2
extract,async_zip,all,1,elements,88029667.0,ns,2
extract,async_zip,all,1,elements,86849967.0,ns,2
extract,async_zip,all,1,elements,87383245.0,ns,2
extract,async_zip,all,1,elements,86380773.0,ns,2
extract,async_zip,all,1,elements,86634928.0,ns,2
extract,async_zip,all,1,elements,87163866.0,ns,2
extract,async_zip,all,1,elements,85949671.0,ns,2
extract,async_zip,all,1,elements,84943062.0,ns,2
extract,async_zip,all,1,elements,86896757.0,ns,2
extract,async_zip,all,1,elements,86877650.0,ns,2
extract,async_zip,all,1,elements,85772754.0,ns,2
extract,async_zip,all,1,elements,88003527.0,ns,2
extract,async_zip,all,1,elements,85642725.0,ns,2
extract,async_zip,all,1,elements,87017778.0,ns,2
extract,async_zip,all,1,elements,86363801.0,ns,2
extract,async_zip,all,1,elements,86626001.0,ns,2
extract,async_zip,all,1,elements,85442374.0,ns,2
extract,async_zip,all,1,elements,85867244.0,ns,2
extract,async_zip,all,1,elements,86981398.0,ns,2
extract,async_zip,all,1,elements,86959957.0,ns,2
extract,async_zip,all,1,elements,87898297.0,ns,2
extract,async_zip,all,1,elements,91810957.0,ns,2
extract,async_zip,all,1,elements,86734948.0,ns,2
extract,async_zip,all,1,elements,89197323.0,ns,2
extract,async_zip,all,1,elements,86561729.0,ns,2
extract,async_zip,all,1,elements,85457412.0,ns,2
extract,async_zip,all,1,elements,86270213.0,ns,2
extract,async_zip,all,1,elements,86843395.0,ns,2
extract,async_zip,all,1,elements,87538561.0,ns,2
extract,async_zip,all,1,elements,86524418.0,ns,2
extract,async_zip,all,1,elements,85563375.0,ns,2
extract,async_zip,all,1,elements,88260567.0,ns,2
extract,async_zip,all,1,elements,90227868.0,ns,2
extract,async_zip,all,1,elements,86595172.0,ns,2
extract,async_zip,all,1,elements,89198215.0,ns,2
extract,async_zip,all,1,elements,86819519.0,ns,2
extract,async_zip,all,1,elements,86847604.0,ns,2
extract,async_zip,all,1,elements,86192284.0,ns,2
extract,async_zip,all,1,elements,87093613.0,ns,2
extract,async_zip,all,1,elements,86849187.0,ns,2
extract,async_zip,all,1,elements,87074586.0,ns,2
extract,async_zip,all,1,elements,85814584.0,ns,2
extract,async_zip,all,1,elements,85645612.0,ns,2
extract,async_zip,all,1,elements,86079549.0,ns,2
extract,async_zip,all,1,elements,89200840.0,ns,2
extract,async_zip,all,1,elements,86416622.0,ns,2
extract,async_zip,all,1,elements,87382935.0,ns,2
extract,async_zip,all,1,elements,86777440.0,ns,2
extract,async_zip,all,1,elements,86320979.0,ns,2
extract,async_zip,all,1,elements,85289022.0,ns,2
extract,async_zip,all,1,elements,85264014.0,ns,2
extract,async_zip,all,1,elements,85521205.0,ns,2
extract,async_zip,all,1,elements,87413953.0,ns,2
extract,async_zip,all,1,elements,86125386.0,ns,2
extract,async_zip,all,1,elements,86863784.0,ns,2
extract,async_zip,all,1,elements,86927266.0,ns,2
extract,async_zip,all,1,elements,93424904.0,ns,2
extract,async_zip,all,1,elements,87726891.0,ns,2
extract,async_zip,all,1,elements,88826016.0,ns,2
extract,async_zip,all,1,elements,86839348.0,ns,2
extract,async_zip,all,1,elements,86668983.0,ns,2
extract,async_zip,all,1,elements,85955863.0,ns,2
extract,async_zip,all,1,elements,87375410.0,ns,2
extract,async_zip,all,1,elements,86509308.0,ns,2
extract,async_zip,all,1,elements,87719927.0,ns,2
extract,async_zip,all,1,elements,87210536.0,ns,2
extract,async_zip,all,1,elements,87159719.0,ns,2
extract,async_zip,all,1,elements,92374672.0,ns,2
extract,async_zip,all,1,elements,87389147.0,ns,2
extract,async_zip,all,1,elements,86672129.0,ns,2
extract,async_zip,all,1,elements,86501424.0,ns,2
extract,async_zip,all,1,elements,85675930.0,ns,2
extract,async_zip,all,1,elements,84773168.0,ns,2
extract,async_zip,all,1,elements,85360999.0,ns,2
extract,async_zip,first,1,elements,71171173.0,ns,2
extract,async_zip,first,1,elements,71480123.0,ns,2
extract,async_zip,first,1,elements,71681836.0,ns,2
extract,async_zip,first,1,elements,73026471.0,ns,2
extract,async_zip,first,1,elements,71992520.0,ns,2
extract,async_zip,first,1,elements,71341387.0,ns,2
extract,async_zip,first,1,elements,72238970.0,ns,2
extract,async_zip,first,1,elements,72697303.0,ns,2
extract,async_zip,first,1,elements,73080463.0,ns,2
extract,async_zip,first,1,elements,71728948.0,ns,2
extract,async_zip,first,1,elements,70620022.0,ns,2
extract,async_zip,first,1,elements,72369729.0,ns,2
extract,async_zip,first,1,elements,71175712.0,ns,2
extract,async_zip,first,1,elements,70960653.0,ns,2
extract,async_zip,first,1,elements,73072749.0,ns,2
extract,async_zip,first,1,elements,70653116.0,ns,2
extract,async_zip,first,1,elements,72359488.0,ns,2
extract,async_zip,first,1,elements,71020356.0,ns,2
extract,async_zip,first,1,elements,70471319.0,ns,2
extract,async_zip,first,1,elements,70063612.0,ns,2
extract,async_zip,first,1,elements,70916017.0,ns,2
extract,async_zip,first,1,elements,73171477.0,ns,2
extract,async_zip,first,1,elements,72181439.0,ns,2
extract,async_zip,first,1,elements,70835374.0,ns,2
extract,async_zip,first,1,elements,71130446.0,ns,2
extract,async_zip,first,1,elements,72111737.0,ns,2
extract,async_zip,first,1,elements,69654533.0,ns,2
extract,async_zip,first,1,elements,71034162.0,ns,2
extract,async_zip,first,1,elements,71219686.0,ns,2
extract,async_zip,first,1,elements,72315987.0,ns,2
extract,async_zip,first,1,elements,73296947.0,ns,2
extract,async_zip,first,1,elements,71326029.0,ns,2
extract,async_zip,first,1,elements,71072586.0,ns,2
extract,async_zip,first,1,elements,70765310.0,ns,2
extract,async_zip,first,1,elements,72679981.0,ns,2
extract,async_zip,first,1,elements,74836021.0,ns,2
extract,async_zip,first,1,elements,73776240.0,ns,2
extract,async_zip,first,1,elements,71375343.0,ns,2
extract,async_zip,first,1,elements,70648166.0,ns,2
extract,async_zip,first,1,elements,70991020.0,ns,2
extract,async_zip,first,1,elements,70115230.0,ns,2
extract,async_zip,first,1,elements,71552691.0,ns,2
extract,async_zip,first,1,elements,72090216.0,ns,2
extract,async_zip,first,1,elements,72686798.0,ns,2
extract,async_zip,first,1,elements,71185951.0,ns,2
extract,async_zip,first,1,elements,72934506.0,ns,2
extract,async_zip,first,1,elements,69320836.0,ns,2
extract,async_zip,first,1,elements,69572386.0,ns,2
extract,async_zip,first,1,elements,70134819.0,ns,2
extract,async_zip,first,1,elements,73736956.0,ns,2
extract,async_zip,first,1,elements,70533248.0,ns,2
extract,async_zip,first,1,elements,70623580.0,ns,2
extract,async_zip,first,1,elements,69845276.0,ns,2
extract,async_zip,first,1,elements,70888074.0,ns,2
extract,async_zip,first,1,elements,70269765.0,ns,2
extract,async_zip,first,1,elements,68981369.0,ns,2
extract,async_zip,first,1,elements,71103325.0,ns,2
extract,async_zip,first,1,elements,73277429.0,ns,2
extract,async_zip,first,1,elements,71787108.0,ns,2
extract,async_zip,first,1,elements,71129794.0,ns,2
extract,async_zip,first,1,elements,69949084.0,ns,2
extract,async_zip,first,1,elements,71660236.0,ns,2
extract,async_zip,first,1,elements,71549907.0,ns,2
extract,async_zip,first,1,elements,72127307.0,ns,2
extract,async_zip,first,1,elements,72423040.0,ns,2
extract,async_zip,first,1,elements,70234218.0,ns,2
extract,async_zip,first,1,elements,69817573.0,ns,2
extract,async_zip,first,1,elements,70513650.0,ns,2
extract,async_zip,first,1,elements,70876783.0,ns,2
extract,async_zip,first,1,elements,70314601.0,ns,2
extract,async_zip,first,1,elements,70860121.0,ns,2
extract,async_zip,first,1,elements,72662697.0,ns,2
extract,async_zip,first,1,elements,72874301.0,ns,2
extract,async_zip,first,1,elements,72021956.0,ns,2
extract,async_zip,first,1,elements,71897058.0,ns,2
extract,async_zip,first,1,elements,73691348.0,ns,2
extract,async_zip,first,1,elements,74433043.0,ns,2
extract,async_zip,first,1,elements,79558805.0,ns,2
extract,async_zip,first,1,elements,74107262.0,ns,2
extract,async_zip,first,1,elements,75659681.0,ns,2
extract,async_zip,first,1,elements,70392529.0,ns,2
extract,async_zip,first,1,elements,71753514.0,ns,2
extract,async_zip,first,1,elements,70952327.0,ns,2
extract,async_zip,first,1,elements,69350343.0,ns,2
extract,async_zip,first,1,elements,71507014.0,ns,2
extract,async_zip,first,1,elements,73396927.0,ns,2
extract,async_zip,first,1,elements,70934573.0,ns,2
extract,async_zip,first,1,elements,71229565.0,ns,2
extract,async_zip,first,1,elements,72855496.0,ns,2
extract,async_zip,first,1,elements,74995054.0,ns,2
extract,async_zip,first,1,elements,71337842.0,ns,2
extract,async_zip,first,1,elements,74039152.0,ns,2
extract,async_zip,first,1,elements,70583834.0,ns,2
extract,async_zip,first,1,elements,70979810.0,ns,2
extract,async_zip,first,1,elements,70904135.0,ns,2
extract,async_zip,first,1,elements,74414989.0,ns,2
extract,async_zip,first,1,elements,69964523.0,ns,2
extract,async_zip,first,1,elements,69839665.0,ns,2
extract,async_zip,first,1,elements,73585046.0,ns,2
extract,async_zip,first,1,elements,71635048.0,ns,2
extract,rc_zip,all,1,elements,728891069.0,ns,1
extract,rc_zip,all,1,elements,705063542.0,ns,1
extract,rc_zip,all,1,elements,708112587.0,ns,1
extract,rc_zip,all,1,elements,712652012.0,ns,1
extract,rc_zip,all,1,elements,727034532.0,ns,1
extract,rc_zip,all,1,elements,712227573.0,ns,1
extract,rc_zip,all,1,elements,735216192.0,ns,1
extract,rc_zip,all,1,elements,709520579.0,ns,1
extract,rc_zip,all,1,elements,704432174.0,ns,1
extract,rc_zip,all,1,elements,717860475.0,ns,1
extract,rc_zip,all,1,elements,710574790.0,ns,1
extract,rc_zip,all,1,elements,737924564.0,ns,1
extract,rc_zip,all,1,elements,722978134.0,ns,1
extract,rc_zip,all,1,elements,700662234.0,ns,1
extract,rc_zip,all,1,elements,729412352.0,ns,1
extract,rc_zip,all,1,elements,720886528.0,ns,1
extract,rc_zip,all,1,elements,701194806.0,ns,1
extract,rc_zip,all,1,elements,708274745.0,ns,1
extract,rc_zip,all,1,elements,723037631.0,ns,1
extract,rc_zip,all,1,elements,693948833.0,ns,1
extract,rc_zip,all,1,elements,692883944.0,ns,1
extract,rc_zip,all,1,elements,706655090.0,ns,1
extract,rc_zip,all,1,elements,718687420.0,ns,1
extract,rc_zip,all,1,elements,708402372.0,ns,1
extract,rc_zip,all,1,elements,733735782.0,ns,1
extract,rc_zip,all,1,elements,725506333.0,ns,1
extract,rc_zip,all,1,elements,701003488.0,ns,1
extract,rc_zip,all,1,elements,695883717.0,ns,1
extract,rc_zip,all,1,elements,706979673.0,ns,1
extract,rc_zip,all,1,elements,706659043.0,ns,1
extract,rc_zip,all,1,elements,725638047.0,ns,1
extract,rc_zip,all,1,elements,693454389.0,ns,1
extract,rc_zip,all,1,elements,705131672.0,ns,1
extract,rc_zip,all,1,elements,723705504.0,ns,1
extract,rc_zip,all,1,elements,697926697.0,ns,1
extract,rc_zip,all,1,elements,710941661.0,ns,1
extract,rc_zip,all,1,elements,699577727.0,ns,1
extract,rc_zip,all,1,elements,687528410.0,ns,1
extract,rc_zip,all,1,elements,695617027.0,ns,1
extract,rc_zip,all,1,elements,704947820.0,ns,1
extract,rc_zip,all,1,elements,724327725.0,ns,1
extract,rc_zip,all,1,elements,696594491.0,ns,1
extract,rc_zip,all,1,elements,743019543.0,ns,1
extract,rc_zip,all,1,elements,694137408.0,ns,1
extract,rc_zip,all,1,elements,697430236.0,ns,1
extract,rc_zip,all,1,elements,714059622.0,ns,1
extract,rc_zip,all,1,elements,712410609.0,ns,1
extract,rc_zip,all,1,elements,700683331.0,ns,1
extract,rc_zip,all,1,elements,707735767.0,ns,1
extract,rc_zip,all,1,elements,716002489.0,ns,1
extract,rc_zip,all,1,elements,716881040.0,ns,1
extract,rc_zip,all,1,elements,689096923.0,ns,1
extract,rc_zip,all,1,elements,710199081.0,ns,1
extract,rc_zip,all,1,elements,697820126.0,ns,1
extract,rc_zip,all,1,elements,694308241.0,ns,1
extract,rc_zip,all,1,elements,694696842.0,ns,1
extract,rc_zip,all,1,elements,719902158.0,ns,1
extract,rc_zip,all,1,elements,704755681.0,ns,1
extract,rc_zip,all,1,elements,695295626.0,ns,1
extract,rc_zip,all,1,elements,730324972.0,ns,1
extract,rc_zip,all,1,elements,714270950.0,ns,1
extract,rc_zip,all,1,elements,715579464.0,ns,1
extract,rc_zip,all,1,elements,702861644.0,ns,1
extract,rc_zip,all,1,elements,702690067.0,ns,1
extract,rc_zip,all,1,elements,692474265.0,ns,1
extract,rc_zip,all,1,elements,693678482.0,ns,1
extract,rc_zip,all,1,elements,698167095.0,ns,1
extract,rc_zip,all,1,elements,721252379.0,ns,1
extract,rc_zip,all,1,elements,710076883.0,ns,1
extract,rc_zip,all,1,elements,693694930.0,ns,1
extract,rc_zip,all,1,elements,704664104.0,ns,1
extract,rc_zip,all,1,elements,722709319.0,ns,1
extract,rc_zip,all,1,elements,703072671.0,ns,1
extract,rc_zip,all,1,elements,728550568.0,ns,1
extract,rc_zip,all,1,elements,694981656.0,ns,1
extract,rc_zip,all,1,elements,712292361.0,ns,1
extract,rc_zip,all,1,elements,698832755.0,ns,1
extract,rc_zip,all,1,elements,695273745.0,ns,1
extract,rc_zip,all,1,elements,709660289.0,ns,1
extract,rc_zip,all,1,elements,692870384.0,ns,1
extract,rc_zip,all,1,elements,692134421.0,ns,1
extract,rc_zip,all,1,elements,734272402.0,ns,1
extract,rc_zip,all,1,elements,724110233.0,ns,1
extract,rc_zip,all,1,elements,739261078.0,ns,1
extract,rc_zip,all,1,elements,720988522.0,ns,1
extract,rc_zip,all,1,elements,721561043.0,ns,1
extract,rc_zip,all,1,elements,751758774.0,ns,1
extract,rc_zip,all,1,elements,740279688.0,ns,1
extract,rc_zip,all,1,elements,729302390.0,ns,1
extract,rc_zip,all,1,elements,695966133.0,ns,1
extract,rc_zip,all,1,elements,687720427.0,ns,1
extract,rc_zip,all,1,elements,702896171.0,ns,1
extract,rc_zip,all,1,elements,734951613.0,ns,1
extract,rc_zip,all,1,elements,707124589.0,ns,1
extract,rc_zip,all,1,elements,719071137.0,ns,1
extract,rc_zip,all,1,elements,697479772.0,ns,1
extract,rc_zip,all,1,elements,709757150.0,ns,1
extract,rc_zip,all,1,elements,706788902.0,ns,1
extract,rc_zip,all,1,elements,703094649.0,ns,1
extract,rc_zip,all,1,elements,700778543.0,ns,1
